pr_id,pr_title,pr_repo,ALG/FUNC,Module,RootCause,Semantic,SubComponent,Symptom,Syntactic,iSemantic,DIAction,DSAction
1,fixed document bold font in docs/quickstart/apollo_1_0_hardware_syste…,ApolloAuto/apollo,,DOCUMENTATION,DOC,DOCUMENTATION,,DOC,DOC,DUC,,
7,minor fixes in quickstart/apollo_1_0_hardware_system_installation_gui…,ApolloAuto/apollo,,DOCUMENTATION,DOC,DOCUMENTATION,,DOC,DOC,DUC,,
43,Fix the how to contribute link,ApolloAuto/apollo,,DOCUMENTATION,DOC,DOCUMENTATION,,DOC,DOC,DUC,,
165,fix linear velocity from localization in vehicle state,ApolloAuto/apollo,VEHICLE_STATE,UTILITIES & TOOLS,NUM,VELOCITY_CONTROL,VEHICLE_STATE,SVC,"MC, AS, LV","DFC, SAR",,"ADJUST_VELOCITY/SPEED_CONTROL, CHANGE_VEHICLE_PARAMETER/STATE"
826,Prediction: fix the problem of nearby obstacles no prediction traject…,ApolloAuto/apollo,SEQUENCE_PREDICTOR,PREDICTION,ICL,"PREDICTOR, OBSTACLE_WAYPOINT",PREDICTOR/SEQUENCE,"OP, TRAJ",IF,"PAE, SME",,"CHANGE_CONDITION_LOGIC, MODIFY_PREDICTION_PREDICTOR, MODIFY_OBJECT_PREDICTION/PLANNING"
844,Planning: fixed a bug when adding equality constraint in qp_spline_pa…,ApolloAuto/apollo,QP_SPLINE_PATH_GENERATOR,PLANNING,DATA,QP_SPLINE_PATH_GENERATOR,QP_SPLINE_PATH,TRAJ,MC,"DFC, PPO",,"IMPROVE_TRAJECTORY/PATH_GENERATION, OPTIMIZE_PLANNING_TASKS"
870,"Planning: fixed a bug in high-speed follow. No need to cut at max s, …",ApolloAuto/apollo,ALG:ST_BOUNDARY,PLANNING,EXTER-API,"ST_BOUNDARY, LANE_FOLLOW",SPEED,SVC,"AS, MC","PPO, DFC",,"ADJUST_VELOCITY/SPEED_CONTROL, ADJUST_LANE_BOUNDARY, FIX_API_MISUSE"
1252,Planning: fixed the check for smoothed reference line to avoid accumu…,ApolloAuto/apollo,REFERENCE_LINE_PROVIDER,PLANNING,MCC,REFERENCE_LINE,REFERENCE_LINE,LPN,"IF, RT, MC, LV","SME, PPO",,MODIFY_REFERENCE_LINE_GENERATION
1336,planning: bug fix for spiral reference line smoother to determine sta…,ApolloAuto/apollo,REFERENCE_LINE_SMOOTHER,PLANNING,ALG,REFERENCE_LINE,REFERENCE_LINE,LPN,IF,"PPO, SME",,MODIFY_TRAJECTORY_SMOOTHER
1404,Fix matrix size in the notice,ApolloAuto/apollo,,DOCUMENTATION,DOC,DOCUMENTATION,,DOC,DOC,DUC,,
1425,update map: fix test errors caused by updating map,ApolloAuto/apollo,ROUTE_SEGMENTS,MAP,DATA,"MAP_TOOLS, TEST_RELATED",PNC_MAP,OT,MC,"DTI, SAR",,"MODIFY_PNC_MAP, MODIFY_LANE_SEGMENT, UPDATE_DATA_VALUES/CALCULATION, MODIFY_TEST_CASE/UTILS/MANAGER"
1736,add z for outline to fix traffic light bug ,ApolloAuto/apollo,XML_PARSER,MAP,INTER-API,"MAP_TOOLS, TRAFFIC_SIGNAL",HDMAP,TLP,MC,"SAR, SME",,"ADJUST_TRAFFIC_SIGNAL_PROCESSING, FIX_API_MISUSE, MODIFY_MAP_PARSER"
1814,fix proto map generator bug,ApolloAuto/apollo,PROTO_MAP_GENERATOR,MAP,ASSI,"MAP_TOOLS, DATA_PROCESSING",MAP_TOOLS,CRASHES,AS,"MII, DFC, RDPI",,"MODIFY_MAP_CREATOR/GENERATOR, UPDATE_DATA_VALUES/CALCULATION"
1873,planning: fix change lane toggling problem when projecting lane is no…,ApolloAuto/apollo,ROUTE_SEGMENTS,MAP,ALG,"DEBUG_CHANGE, MAP_TOOLS, LANE_CHANGE",PNC_MAP,LPN,"IF, LV, MC, LOOP, AS","SAR, DTI",,"ADD/MODIFY_ERROR/DEBUG_HANDLER/TOOLS, ADJUST_LANE_PLANNER, MODIFY_PNC_MAP, MODIFY_LANE_SEGMENT"
1895,Localization: fix heading bug (+PI/2).,ApolloAuto/apollo,MSF_LOCALIZATION,LOCALIZATION,ALG,"LOCALIZATION, LOCALIZATION_COMPUTATION",MSF_LOCALIZATION,LOC,"LIB, SQ, LV","SAR, LA",,"CHANGE/ADD/DELETE_LIB_IMPORTING, MODIFY_MSF_LOCALIZATION, UPDATE_DATA_VALUES/CALCULATION"
1944,tools: fix drive event utility timestamp problem,ApolloAuto/apollo,DRIVE_EVENT,DRIVERS,ALG,"DRIVER_ERROR, SCRIPT",ROSBAG,LOGIC,"AS, LIB, MC","FSH, DFC",,"RESCHEDULE_TIMER, CHANGE/ADD/DELETE_LIB_IMPORTING, OPTIMIZE_SCRIPT_TOOLS"
2056,Control : Fix MPC scheduler bug,ApolloAuto/apollo,MPC_CONTROLLER,CONTROL,INTER-API,"MPC_CONTROLLER, DEBUG_CHANGE",CONTROLLER,"IO, SS","SQ, MC","CSA, DTI, SS",,"FIX_API_MISUSE, ADD/MODIFY_ERROR/DEBUG_HANDLER/TOOLS, ADJUST_MPC_CONTROLLER"
2084,Prediction: fixed velocity estimate when heading is different from po…,ApolloAuto/apollo,OBSTACLE,PREDICTION,ICL,OBSTACLE_WAYPOINT,CONTAINER/OBSTACLES,SVC,"IF, MC","PAE, SME",,"FIX_API_MISUSE, CHANGE_CONDITION_LOGIC, MODIFY_OBJECT_PREDICTION/PLANNING"
2136,Planning: fixed a bug in speed_decider --- should only consider block…,ApolloAuto/apollo,SPEED_DECIDER,PLANNING,MCC,"SPEED_PLANNING, DECIDER_RELATED",SPEED_DECIDER,"SVC, OP","IF, RT","ADMI, DFC",,"OPTIMIZE_PLANNING_TASKS, CHANGE_DECISION_MAKING_ALGORITHM, ADJUST_VELOCITY/SPEED_CONTROL"
2142,Calibration: fix some document errors,ApolloAuto/apollo,,DOCUMENTATION,DOC,DOCUMENTATION,,DOC,DOC,DUC,,
2264,scripts: fix docker repo when -C option is used,ApolloAuto/apollo,,DOCKER,MCC,"SCRIPT, BUILD, DOCKER",,LAU,"IF, MC","BCE, MII",,
2511,Planning: Fix size type to avoid infinite loop when vector size > 256.,ApolloAuto/apollo,DP_ROAD_GRAPH,PLANNING,DATA,"TYPE_CONVERSION, TRAJECTORY_GENERATOR",DP_POLY_PATH,HANGS,LV,"PPO, EHR",,"CHANGE_DATA_TYPE, OPTIMIZE_PLANNING_TASKS"
2549,fix a document error,ApolloAuto/apollo,,DOCUMENTATION,DOC,DOCUMENTATION,,DOC,DOC,DUC,,
2708,issue #2702 (static_assert failure),ApolloAuto/apollo,TIMER_COMPONENT,UTILITIES & TOOLS,EXTER-API,TIMER_COMPONENT,TIMER,CRASHES,MC,"MII, EHR",,"RESCHEDULE_TIMER, CHANGE_CONDITION_LOGIC"
2969,common: missing error checking in method KVDB::Has() and KVDB::Get(),ApolloAuto/apollo,KV_DB,UTILITIES & TOOLS,MCC,UTILITY,,CRASHES,"RT, MC","EHR, MII",,ADD/MODIFY_ERROR/DEBUG_HANDLER/TOOLS
2971,result2pb: fix the wrong number of arguments check-ups (#2945),ApolloAuto/apollo,,UTILITIES & TOOLS,ICL,SCRIPT,CALIBRATION,CRASHES,IF,"MII, EHR",,"OPTIMIZE_SCRIPT_TOOLS, VEHICLE_CALIBRATION"
3000,Fix an estop bug in planning.cc,ApolloAuto/apollo,,PLANNING,INTER-API,"STOP_CONTROL, ESTOP",,STOP,"AS, MC","PPO, LA",,"ADJUST_STOP/PARK_CONTROL, MODIFY_EMERGENCY_MODE"
3496,perception: fix yolo camera detector crash for traffic camera rosbag …,ApolloAuto/apollo,YOLO_CAMERA_DETECTOR,PERCEPTION,DATA,CAMERA,OBSTACLE/CAMERA/DETECTOR,"CRASHES, CAM",AS,"EHR, EA",,"ADJUST_CAMERA, MODIFY_OBJECT_DETECTION, UPDATE_DATA_VALUES/CALCULATION"
3545,docker: fix mobileye in release docker and remove navi flag for plann…,ApolloAuto/apollo,,UTILITIES & TOOLS,CONFIG,PARAMETER,,LOGIC,NV,"BCE, MII",,
3777,Perception: Fix bug in visualization. (when lane post processing is n…,ApolloAuto/apollo,ALG:PERCEPTION_FUSION,PERCEPTION,ICL,"CAMERA, PERCEPTION_COMPUTATION, VISUALIZATION",OBSTACLE/CAMERA,"DGUI, CAM","IF, RT","EA, DFC",,"ADD/MODIFY_ERROR/DEBUG_HANDLER/TOOLS, MODIFY_OBJECT_DETECTION, MODIFY_SIMULATION_VISUALIZATION, MODIFY_FUSION_ALGORITHM"
3793,planning: fixed the QuieryPathTimeObstacleSamplePoints in end conditi…,ApolloAuto/apollo,END_CONDITION_SAMPLER,PLANNING,NUM,"TRAJECTORY_GENERATOR, PATH_PLANNING",LATTICE/TRAJECTORY_GENERATION,TRAJ,MC,"PPO, DFC",,"IMPROVE_TRAJECTORY/PATH_GENERATION, UPDATE_DATA_VALUES/CALCULATION"
3842,Localization: Fix a bug in the Threadpool,ApolloAuto/apollo,THREAD_POOL,LOCALIZATION,CONC,"LOCALIZATION, THREAD_MANAGE",MSF_LOCALIZATION,HANGS,LOOP,"SAR, SME, CC",,"MODIFY_MSF_LOCALIZATION, ADJUST_PROCESS/THREAD_SCHEDULING, CHANGE_CONDITION_LOGIC"
3965,Fix bug in turn signal command reset,ApolloAuto/apollo,TURN_SIGNAL_DECIDER,CAN BUS,SNT,"COMMANDS_CHANGE, TURN_SIGNAL",CANBUS_VEHICLE,TURN,AS,"DFC, FSH",,"MODIFY_AV_TURNING_LOGIC, ENABLE/DISABLE/CHANGE_STATUS/FLAGS/MODE"
3986,docs: fix a build command line in \'How to Run Offline Perceition Low…,ApolloAuto/apollo,,DOCUMENTATION,DOC,DOCUMENTATION,,DOC,DOC,DUC,,
4070,Relative map: fixed a bug at end of reference line -- some point inde…,ApolloAuto/apollo,NAVIGATION_LANE,MAP,ICL,"MAP_TOOLS, NAVIGATION_LANE",RELATIVE_MAP,LPN,"IF, AS, LV","SAR, SME",,"OPTIMIZE_NAVIGATION, ADD_MAP/LANE_CHECKING"
4081,"Planning: fix a bug for ""reference_line_provider_"".",ApolloAuto/apollo,,PLANNING,MCC,REFERENCE_LINE,,LPN,IF,"PPO, SME",,ADD_CONDITION_LOGIC
4365,Map: added the path priority parameter for a navigation path and fixed a bug in NavigationLane::MergeNavigationLineAndLaneMarker().,ApolloAuto/apollo,NAVIGATION_LANE,MAP,ALG,"NAVIGATION_LANE, MAP_TOOLS",RELATIVE_MAP,LPN,"SQ, LOOP, MC, AS","SAR, LA",,OPTIMIZE_NAVIGATION
4470,Fix startup script for users with multiple groups,ApolloAuto/apollo,,DOCKER,EXTER-API,"SCRIPT, DOCKER",,LAU,MC,"BCE, EHR",,
4629,[tools]fix unrecognized arguments: -f ,ApolloAuto/apollo,,UTILITIES & TOOLS,INTER-API,"SCRIPT, PARAMETER",,LAU,MC,"MII, DFC",,
4765,sample_pnc_topics.py: fix the argument check up and use classmethod decorator [#4764],ApolloAuto/apollo,,UTILITIES & TOOLS,ICL,SCRIPT,ROSBAG,LOGIC,"IF, MD","MII, IC",,"OPTIMIZE_SCRIPT_TOOLS, CHANGE_CONDITION_LOGIC, FIX_API_MISUSE"
4776,Copy bags between disks fix,ApolloAuto/apollo,,UTILITIES & TOOLS,ALG,"DATA_PROCESSING, VERSIONING, SCRIPT",ROSBAG,IO,LOOP,"MII, IC, RDPI",,"OPTIMIZE_SCRIPT_TOOLS, CHANGE_VERSION, CHANGE_DATA_PROCESSING"
4784,Result2pb.py:  call sys.exit() with 1 to indicate the error #4783 ,ApolloAuto/apollo,,UTILITIES & TOOLS,ALG,SCRIPT,CALIBRATION,LOGIC,MC,"MII, EHR",,"OPTIMIZE_SCRIPT_TOOLS, VEHICLE_CALIBRATION"
4790,fix #4789.,ApolloAuto/apollo,,MAP,NUM,MAP_TOOLS,MAP_TOOLS,LOGIC,MC,"SAR, DFC",,"CHANGE_DATA_TYPE, MODIFY_MAP_CREATOR/GENERATOR"
4890,"correct three possible error word use, IMU->SPAN-IGM-A1",ApolloAuto/apollo,,DOCUMENTATION,DOC,"DOCUMENTATION, TYPO_CORRECTING",,DOC,DOC,DUC,,
4907,"Update Guideline_sensor_Installation_apollo_3.0.md, correct three typing errors",ApolloAuto/apollo,,DOCUMENTATION,DOC,"DOCUMENTATION, TYPO_CORRECTING",,DOC,DOC,DUC,,
4924,perception:Fix a code error of camera,ApolloAuto/apollo,,PERCEPTION,SNT,"CAMERA, PERCEPTION_COMPUTATION, TYPO_CORRECTING",,"CAM, CRASHES",LV,"EA, DFC",,"FIX_API_MISUSE, ADJUST_CAMERA"
5107,planning: modified default values for lateral trajectory optimization…,ApolloAuto/apollo,,PLANNING,CONFIG,TRAJECTORY_GENERATOR,,TRAJ,LV,"PPO, DFC",,"ENABLE/DISABLE/CHANGE_STATUS/FLAGS/MODE, UPDATE_DATA_VALUES/CALCULATION"
5133,scripts: fix docker data volume leak,ApolloAuto/apollo,,DOCKER,MEM,SCRIPT,,BUILD,"MC, SQ","BCE, RMI, MII",,
5142,NaviPlaner:fix bug speed config items in planning_config_navi.pb.txt …,ApolloAuto/apollo,,PLANNING,CONFIG,"PARAMETER, SPEED_LIMIT, SPEED_PLANNING",,SVC,NV,"PPO, CEM",,
5190,planning: fix incorrect stop fence for pedestrian behind ADC upon a u-turn (#2428),ApolloAuto/apollo,CROSSWALK,PLANNING,ICL,"STOP_FENCE, U_TURN",TRAFFIC_DECIDER,STOP,"IF, AS, MC, LV","PPO, SME",,"CHANGE_DECISION_MAKING_ALGORITHM, ADJUST_TRAFFIC_SIGNAL_PROCESSING, ADJUST_STOP/PARK_CONTROL, MODIFY_CROSSWALK_PROCESSING"
5197,dreamview:change chassis_high_beam default action to NONE,ApolloAuto/apollo,,HMI,CONFIG,"PARAMETER, VISUALIZATION",DREAMVIEW,DGUI,NV,"UIA, MII, CEM",,
5245,Fix typo error,ApolloAuto/apollo,,DOCUMENTATION,DOC,"DOCUMENTATION, TYPO_CORRECTING",,DOC,DOC,DUC,,
5247,fix issue #5246,ApolloAuto/apollo,,PERCEPTION,DATA,"TYPE_CONVERSION, PERCEPTION_COMPUTATION",OBSTACLE/CAMERA,"OP, CAM","LOOP, LV","EA, DFC",,"MODIFY_OBJECT_DETECTION, ADJUST_CAMERA, CHANGE_DATA_TYPE"
5263,fix issue #5262.,ApolloAuto/apollo,,PERCEPTION,EXTER-API,"RECORDER, DATA_PROCESSING",OBSTACLE/CAMERA,"IO, CAM",MC,"MII, DFC, RDPI",,"ADJUST_CAMERA, MODIFY_OBJECT_DETECTION, FIX_API_MISUSE, CHANGE_DATA_PROCESSING"
5331,Dreamview: Fix Lidar point cloud visualization,ApolloAuto/apollo,POINT_CLOUD,HMI,INTER-API,"POINT_CLOUD, VISUALIZATION",DREAMVIEW,DGUI,"LOOP, MC, LV","UIA, MII",,"MODIFY_POINTCLOUD_PROCESSING, MODIFY_SIMULATION_VISUALIZATION, FIX_API_MISUSE"
5332,tiny clerical error in  perception_apollo_3.0.md,ApolloAuto/apollo,,DOCUMENTATION,DOC,DOCUMENTATION,,DOC,DOC,DUC,,
5547,[Localization] Fix bug in extract_ground_plane,ApolloAuto/apollo,,LOCALIZATION,ICL,"LOCALIZATION_COMPUTATION, LOCALIZATION",MSF_LOCALIZATION,CRASHES,IF,"SAR, SME",,"MODIFY_MSF_LOCALIZATION, CHANGE_CONDITION_LOGIC"
5563,NaviPlanner: fix an uninitialized variable,ApolloAuto/apollo,NAVI_SPEED_DECIDER,PLANNING,ASSI,"NAVI_SPEED_DECIDER, DECIDER_RELATED",NAVIGATION,SVC,"LOOP, AS","ADMI, SME",,"CHANGE_DECISION_MAKING_ALGORITHM, ADJUST_VELOCITY/SPEED_CONTROL, OPTIMIZE_NAVIGATION, UPDATE_DATA_VALUES/CALCULATION"
5623,All: Fix bug when testing USE_GPU flag in apollo.sh.,ApolloAuto/apollo,,SYSTEM,ICL,SCRIPT,,BUILD,"AS, IF","MII, BCE",,
5679,[tools]* fix control calibration tools init parameters,ApolloAuto/apollo,DATA_COLLECTOR,UTILITIES & TOOLS,ASSI,"SCRIPT, CALIBRATION",CALIBRATION,LOGIC,AS,"MII, DFC",,"OPTIMIZE_SCRIPT_TOOLS, VEHICLE_CALIBRATION"
5696,Tools/calibration: Fix 2 syntax errors,ApolloAuto/apollo,,UTILITIES & TOOLS,SNT,"SCRIPT, CAMERA_CALIBRATION",CALIBRATION,"CRASHES, CAM",SYN,"MII, DFC",,"ADJUST_INDENT_IN_PYTHON, OPTIMIZE_SCRIPT_TOOLS, VEHICLE_CALIBRATION"
5896,Docs-CN: fix the document since init_secure_upgrade method has output…,ApolloAuto/apollo,,DOCUMENTATION,DOC,DOCUMENTATION,,DOC,DOC,DUC,,
5908,Tools/recorder: Catch the OSError exception rather than Exception.,ApolloAuto/apollo,DATA_RECORDER_MANAGER,UTILITIES & TOOLS,EXTER-API,"DEBUG_CHANGE, RECORDER",RECORDER,"LOGIC, IO","TRY, MC","EHR, MII",,"FIX_API_MISUSE, MODIFY_RECORD_PROCESSING/PLAY_ERROR, OPTIMIZE_SCRIPT_TOOLS, ADD/MODIFY_ERROR/DEBUG_HANDLER/TOOLS"
5921,Localization: Fix typo in README.md,ApolloAuto/apollo,,LOCALIZATION,DOC,"DOCUMENTATION, TYPO_CORRECTING",,DOC,DOC,DUC,,
5960,Fix typo,ApolloAuto/apollo,,PLANNING,DOC,"DOCUMENTATION, TYPO_CORRECTING",,DOC,DOC,DUC,,MODIFY_SYNTAX_ERROR
5961,Fix typo,ApolloAuto/apollo,,DOCUMENTATION,DOC,"DOCUMENTATION, TYPO_CORRECTING",,DOC,DOC,DUC,,
5962,Fix typo,ApolloAuto/apollo,,PLANNING,DOC,"DOCUMENTATION, TYPO_CORRECTING",,DOC,DOC,DUC,,MODIFY_SYNTAX_ERROR
5963,Fix typo,ApolloAuto/apollo,,DOCUMENTATION,DOC,"DOCUMENTATION, TYPO_CORRECTING",,DOC,DOC,DUC,,
5967,Tools/map_gen: Rewrite this program via a few bug fixes.,ApolloAuto/apollo,ADD_SIGNAL,UTILITIES & TOOLS,ALG,"TRAFFIC_SIGNAL, MAP_TOOLS",MAP_GEN,IO,"TRY, AS, MC, LV","EHR, MII",,"MODIFY_MAP_CREATOR/GENERATOR, OPTIMIZE_SCRIPT_TOOLS"
6023,Perception: fixed bug in Yuyv2rgb conversion for AVX non-compliant CPUs.,ApolloAuto/apollo,COLOR_SPACE,PERCEPTION,SNT,TRAFFIC_SIGNAL,TRAFFIC_LIGHT,TLP,"LV, AS","EA, DFC",,"ADJUST_TRAFFIC_SIGNAL_PROCESSING, UPDATE_DATA_VALUES/CALCULATION"
6042,Perception: fix endless loop in cc_lane_post_processor,ApolloAuto/apollo,LANE_POST_PROCESS,PERCEPTION,NUM,PERCEPTION_COMPUTATION,OBSTACLE/CAMERA/LANE_POST_PROCESS/CC_LANE_POST_PROCESSOR,"CAM, HANGS, OP",AS,"EA, SME",,"ADJUST_CAMERA, MODIFY_OBJECT_DETECTION"
6055,I fixed typo,ApolloAuto/apollo,,DOCKER,DOC,DOCUMENTATION,,DOC,DOC,DUC,,
6065,Fixed typo,ApolloAuto/apollo,,PREDICTION,SNT,"TYPO_CORRECTING, DEBUG_CHANGE",,IO,MC,"EHR, DTI, PAE",,"MODIFY_SYNTAX_ERROR, ADD/MODIFY_ERROR/DEBUG_HANDLER/TOOLS"
6066,Fixed typo,ApolloAuto/apollo,,HMI,DOC,DOCUMENTATION,DREAMVIEW,DOC,DOC,DUC,,MODIFY_SYNTAX_ERROR
6184,Perception:Fix detection of very close traffic lights,ApolloAuto/apollo,,PERCEPTION,CONFIG,"PARAMETER, CAMERA, TRAFFIC_LIGHT_DETECTION, TRAFFIC_SIGNAL",PRODUCTION,"TLP, CAM",NV,"SDI, CEM",,
6190,Perception: fixed a bug in information matrix update step,ApolloAuto/apollo,,PERCEPTION,NUM,"PERCEPTION_COMPUTATION, DATA_PROCESSING, FUSION_SYSTEM",FUSION,LOGIC,AS,"DFC, EA, RDPI",,"MODIFY_FUSION_ALGORITHM, UPDATE_DATA_VALUES/CALCULATION"
6206,Localization: Bugfix Moved AdapterInit function before MsgCallBack,ApolloAuto/apollo,LMD_LOCALIZATION,LOCALIZATION,INTER-API,"LMD_LOCALIZATION, LOCALIZATION, LOCALIZATION_COMPUTATION",LMD,LOGIC,SQ,"SAR, DFC",,"MODIFY_LMD_LOCALIZATION, MOVE_STATEMENTS"
6315,NaviGenerator:Fixed a bug that the file operator imported a 0xFF from file.,ApolloAuto/apollo,NAVI_GENERATOR,UTILITIES & TOOLS,INTER-API,NAVI_GENERATOR,NAVIGATION,IO,SQ,"MII, EHR",,"FIX_API_MISUSE, MOVE_STATEMENTS, OPTIMIZE_NAVIGATION"
6411,Cyber: Fix the missing import in cyber_launch,ApolloAuto/apollo,,INFRASTRUCTURE,DEP,"LIBRARY, DEP",CYBER_TOOLS,LAU,LIB,"MII, DU",,"CHANGE/ADD/DELETE_LIB_IMPORTING, ADJUST_ADS_FRAMEWORK, OPTIMIZE_SCRIPT_TOOLS"
6503,framework: fix implicit conversions,ApolloAuto/apollo,SCREEN,HMI,DATA,TYPE_CONVERSION,CYBER_MONITOR,BUILD,LV,"MII, EHR",,"CHANGE_DATA_TYPE, ADJUST_CYBER_MONITOR, ADJUST_ADS_FRAMEWORK"
6614,Perception: Fixed perception.sh to adapt to cyber RT,ApolloAuto/apollo,,PERCEPTION,INTER-API,SCRIPT,,LAU,MC,"MII, LA",,
6736,fixing bosfs build error in installer script install_bosfs.sh,ApolloAuto/apollo,,DOCKER,DEP,"SCRIPT, PARAMETER, DEP",,BUILD,MC,"BCE, DU, MII",,
6788,Perception: Fix the crash of HDMap ROI filter with radar,ApolloAuto/apollo,RADAR_OBSTACLE_PERCEPTION,PERCEPTION,MCC,DEBUG_CHANGE,RADAR,CRASHES,"IF, MC","DTI, EA, EHR",,"ADD/MODIFY_ERROR/DEBUG_HANDLER/TOOLS, ADD_CONDITION_LOGIC, ADJUST_RADAR_RELATED_ALG"
6826,planning: fixed nudge decision with considering path to obstacles dis…,ApolloAuto/apollo,PATH_DECIDER,PLANNING,ICL,DECIDER_RELATED,OPTIMIZERS/PATH_DECIDER,OP,"IF, LV","ADMI, SME",,"CHANGE_DECISION_MAKING_ALGORITHM, CHANGE_CONDITION_LOGIC"
7198,fix coverage error: can't find .gcno files,ApolloAuto/apollo,,SYSTEM,ALG,SCRIPT,,OT,"IF, AS, MC","MII, DTI",,
7250,"drivers: rewrite extrinsics_broadcaster via subprocess, fix file hand…",ApolloAuto/apollo,,DRIVERS,MEM,"SCRIPT, MEMORY_LEAK",VELODYNE,LOGIC,"IF, TRY, LIB, AS, MC","RMI, FSH",,"RECONFIGURE_DRIVER, OPTIMIZE_SCRIPT_TOOLS"
7269,fix a bug when initialize cuda,ApolloAuto/apollo,,PLANNING,ALG,CUDA,OPEN_SPACE/TRAJECTORY_SMOOTHER,TRAJ,RT,"MII, DU",,"ADD/DELETE/CHANGE_RETURN_VALUES, FIX_CUDA_ISSUES, MODIFY_TRAJECTORY_SMOOTHER"
7290,Docker:fix pyproj install problem,ApolloAuto/apollo,,DOCKER,DEP,"PARAMETER, DEP, DOCKER, VERSIONING",,BUILD,NV,"DU, BCE, MII",,
7304,Perception: Fix voxel issue #6945,ApolloAuto/apollo,,PERCEPTION,INTER-API,PERCEPTION_COMPUTATION,,OP,MC,"EA, DFC",,FIX_API_MISUSE
7512,framework:fixed TypeError: signal_handler(),ApolloAuto/apollo,,INFRASTRUCTURE,ALG,CYBER_CHANNEL,,CRASHES,MD,"MII, DFC",,
7559,Tools: improve record file validation to check up fixed header length…,ApolloAuto/apollo,ALG:SENSOR_CALIBRATION/EXTRACT_DATA,SENSING,MCC,"DATA_PROCESSING, RECORDER",VEHICLE_CALIBRATION,LOGIC,"IF, RT, MC","MII, EHR, RDPI",,"OPTIMIZE_SCRIPT_TOOLS, ADD_CONDITION_LOGIC, VEHICLE_CALIBRATION"
7597,planning: open space fixed wrong fallback trajectory,ApolloAuto/apollo,OPEN_SPACE_FALLBACK_DECIDER,PLANNING,ALG,"DECIDER_RELATED, PLANNING_FALLBACK",DECIDERS/OPEN_SPACE_DECIDER,TRAJ,"AS, MC, SQ","ADMI, DFC",,"OPTIMIZE_PLANNING_TASKS, CHANGE_DECISION_MAKING_ALGORITHM, MOVE_STATEMENTS"
7669,Cyber: fix cyber_launch bug from #7382,ApolloAuto/apollo,,INFRASTRUCTURE,SNT,DEBUG_CHANGE,CYBER_TOOLS,LAU,MC,"MII, DTI",,
7671,planning: open space fix rigid transform bug when extracting obstacles,ApolloAuto/apollo,OPEN_SPACE_ROI_DECIDER,PLANNING,ALG,DECIDER_RELATED,DECIDERS/OPEN_SPACE_DECIDER,OP,"IF, MC, LOOP","DFC, ADMI",,"CHANGE_DECISION_MAKING_ALGORITHM, OPTIMIZE_PLANNING_TASKS"
7760,planning: fix open space fallback shaking issue,ApolloAuto/apollo,OPEN_SPACE_FALLBACK_DECIDER,PLANNING,ALG,"DECIDER_RELATED, PLANNING_FALLBACK",DECIDERS/OPEN_SPACE_DECIDER,TRAJ,MC,"DFC, ADMI",,"FIX_API_MISUSE, CHANGE_DECISION_MAKING_ALGORITHM, OPTIMIZE_PLANNING_TASKS"
7860,canbus:fix build warning,ApolloAuto/apollo,CH_CONTROLLER,CAN BUS,ASSI,VEHICLE_CONTROLLER,CANBUS_VEHICLE,BUILD,LV,"MII, BCE",,"CHANGE_VEHICLE_CONTROL, FIX_API_MISUSE"
7908,Docs: Tiny fix on image location.,ApolloAuto/apollo,,DOCUMENTATION,DOC,DOCUMENTATION,,DOC,DOC,DUC,,
8397,fix the missing update of lane_change_type,ApolloAuto/apollo,REFERENCE_LINE_PROVIDER,PLANNING,ASSI,LANE_CHANGE,REFERENCE_LINE,LPN,AS,"PPO, SME",,ADJUST_LANE_PLANNER
8402,fix path length calculation,ApolloAuto/apollo,NAVI_PATH_DECIDER,PLANNING,NUM,DECIDER_RELATED,NAVIGATION,LOGIC,AS,"DFC, ADMI",,"CHANGE_DECISION_MAKING_ALGORITHM, UPDATE_DATA_VALUES/CALCULATION"
8521,fix typo,ApolloAuto/apollo,,UTILITIES & TOOLS,DOC,DOCUMENTATION,,DOC,DOC,DUC,,MODIFY_SYNTAX_ERROR
8571,Planning: disable s_curve_speed_smooth to fix errors in control-in-th…,ApolloAuto/apollo,,PLANNING,CONFIG,PARAMETER,,SVC,NV,"PPO, EHR",,
8596,Perception: Fix traffic light tracking issue,ApolloAuto/apollo,SEMANTIC_DECISION,PERCEPTION,ICL,"TRAFFIC_SIGNAL, TRAFFIC_LIGHT_TRACKING",CAMERA,"TLP, CAM",IF,"SME, ADMI",,"ADJUST_TRAFFIC_SIGNAL_PROCESSING, ADJUST_CAMERA, CHANGE_CONDITION_LOGIC"
8664,Localization: Fix acceleration_vrf.,ApolloAuto/apollo,LOCALIZATION_INTEG,LOCALIZATION,ALG,"VELOCITY_CONTROL, LOCALIZATION_COMPUTATION",MSF_LOCALIZATION,SVC,MC,"SAR, DFC",,"MODIFY_MSF_LOCALIZATION, CHANGE_ACCELERATION_PROPERTY"
8824,Control: fix bug on updating matrix_a_ when switching from backward to forward…,ApolloAuto/apollo,LAT_CONTROLLER,CONTROL,ASSI,"CONTROL_COMPUTATION, GEAR_SWITCHING",CONTROLLER,SVC,AS,"CSA, DFC",,"CHANGE_CONTROL_LOGIC, UPDATE_DATA_VALUES/CALCULATION"
8832,Third_Party:fixed build comparison error,ApolloAuto/apollo,TENSORFLOW,OTHER,DATA,DNN_RELATED,TENSORFLOW,BUILD,LV,BCE,,CHANGE_DATA_TYPE
8879,Planning: fix bug on initializing the valet parking threshold param…,ApolloAuto/apollo,OPEN_SPACE_TRAJECTORY_PARTITION,PLANNING,INTER-API,"TRAJECTORY_PARTITION, PARKING_CONTROL",OPTIMIZERS/OPEN_SPACE_TRAJECTORY_PARTITION,STOP,"MC, AS","PPO, DFC",,"FIX_API_MISUSE, MODIFY_TRAJECTORY_PARTITION, OPTIMIZE_PLANNING_TASKS"
8898,tools: fixed issue:#8759 configurator.sh is no longer functioning,ApolloAuto/apollo,MODULE_CONF,UTILITIES & TOOLS,CONFIG,"SCRIPT, LIBRARY",CONFIGURATOR,BUILD,"LIB, AS","MII, DU",,"CHANGE/ADD/DELETE_LIB_IMPORTING, FIX_API_MISUSE"
9046,perception: update status flag to avoid printing wrong error message at debug_inf…,ApolloAuto/apollo,ONLINE_CALIBRATION_SERVICE,PERCEPTION,ASSI,CAMERA_CALIBRATION,CAMERA,"IO, CAM",AS,"DTI, MII",,"ENABLE/DISABLE/CHANGE_STATUS/FLAGS/MODE, ADJUST_CAMERA, ADD/MODIFY_ERROR/DEBUG_HANDLER/TOOLS, CHANGE_DATA_PROCESSING"
9092,fix python identation problem,ApolloAuto/apollo,,UTILITIES & TOOLS,SNT,"INDENT_PROBLEM, SCRIPT",,IO,SYN,"BCE, MII",,"ADJUST_INDENT_IN_PYTHON, OPTIMIZE_SCRIPT_TOOLS"
9103,Update modules/planning/README_cn.md fix architecture image problem,ApolloAuto/apollo,,PLANNING,DOC,DOCUMENTATION,,DOC,DOC,DUC,,
9181,Grammar fixes in the README file.,ApolloAuto/apollo,,DOCUMENTATION,DOC,DOCUMENTATION,,DOC,DOC,DUC,,
9187,Perception: fix CopyPointCloudExclude,ApolloAuto/apollo,POINTCLOUD_PREPROCESSOR,PERCEPTION,SNT,"POINTCLOUD_PREPROCESSOR, LIDAR",,LOGIC,LV,"EA, DFC",,"MODIFY_POINTCLOUD_PROCESSING, FIX_API_MISUSE"
9239,Perception: fix belief_velocity_online_covariance,ApolloAuto/apollo,MLF_MOTION_FILTER,PERCEPTION,NUM,"FUSION_SYSTEM, PERCEPTION_COMPUTATION",LIDAR,SVC,AS,"EA, DFC",,"REPAIR_LIDAR_INTEGRATION_ISSUES, MODIFY_FUSION_ALGORITHM, ADJUST_VELOCITY/SPEED_CONTROL, UPDATE_DATA_VALUES/CALCULATION"
9267,Docs: fixed some grammar issues in README,ApolloAuto/apollo,,DOCUMENTATION,DOC,DOCUMENTATION,,DOC,DOC,DUC,,
9283,Planning: fix a potential bug in grid search,ApolloAuto/apollo,GRID_SEARCH,PLANNING,ALG,TRAJECTORY_GENERATOR,OPEN_SPACE/COARSE_TRAJECTORY_GENERATOR,TRAJ,SQ,"PPO, DFC",,"IMPROVE_TRAJECTORY/PATH_GENERATION, MOVE_STATEMENTS"
9291,Fix Typo,ApolloAuto/apollo,PNC_MAP,MAP,SNT,"TYPO_CORRECTING, DEBUG_CHANGE",PNC_MAP,IO,MC,"SAR, DTI",,"MODIFY_SYNTAX_ERROR, ADD/MODIFY_ERROR/DEBUG_HANDLER/TOOLS, MODIFY_PNC_MAP"
9310,Perception: fix pitch angle update,ApolloAuto/apollo,ONLINE_CALIBRATION_SERVICE,PERCEPTION,ALG,CAMERA_CALIBRATION,CAMERA,"OP, CAM","AS, LV","EA, DFC",,"ADJUST_CAMERA, FIX_API_MISUSE"
9346,Planning: fixed bugs in ParkAndGo scenario,ApolloAuto/apollo,FUNC:CHECKADCPARKANDGOCRUISECOMPLETED,PLANNING,ALG,PARKING_CONTROL,PLANNING_SCENARIOS,STOP,"AS, LV, MC","PPO, DFC",,ADJUST_STOP/PARK_CONTROL
9347,planning: open space planner reset default flag to raise passing rate,ApolloAuto/apollo,,PLANNING,CONFIG,PARAMETER,,TRAJ,NV,"PPO, DFC",,
9367,Map: fix stop_for_destination_ assigning,ApolloAuto/apollo,PNC_MAP,MAP,ICL,"MAP_TOOLS, DESTINATION_STOP",PNC_MAP,STOP,"IF, LV, MC","SAR, DFC",,"CHANGE_CONDITION_LOGIC, MODIFY_PNC_MAP, ADJUST_STOP/PARK_CONTROL"
9375,prediction:fix coredump when get map by LaneById return nullptr,ApolloAuto/apollo,ROAD_GRAPH,PREDICTION,MCC,ROAD_GRAPH,,CRASHES,"MC, IF, RT","PAE, EHR",,"ADD_CONDITION_LOGIC, FIX_NULL_POINTER_ISSUE, MODIFY_ROAD_GRAPH"
9378,Planning: bug fixes in open_sapce_roi_decider for PardAndGo scenario,ApolloAuto/apollo,OPEN_SPACE_ROI_DECIDER,PLANNING,SNT,"DECIDER_RELATED, PARKING_CONTROL",DECIDERS/OPEN_SPACE_DECIDER,STOP,AS,PPO,,"CHANGE_DECISION_MAKING_ALGORITHM, ADJUST_STOP/PARK_CONTROL"
9463,Planning: fix a bug with adc-l derivative calculation.,ApolloAuto/apollo,PATH_BOUNDS_DECIDER,PLANNING,NUM,DECIDER_RELATED,DECIDERS/PATH_BOUNDS_DECIDER,TRAJ,AS,"PPO, DFC",,"CHANGE_DECISION_MAKING_ALGORITHM, UPDATE_DATA_VALUES/CALCULATION"
9467,Planning: fix calling of map::Path::GetNearestPoint,ApolloAuto/apollo,RULE_BASED_STOP_DECIDER,PLANNING,NUM,DECIDER_RELATED,DECIDERS/RULE_BASED_STOP_DECIDER,STOP,"AS, MC","PPO, DFC",,"CHANGE_DECISION_MAKING_ALGORITHM, FIX_API_MISUSE, OPTIMIZE_PLANNING_TASKS"
9483,Perception: fix typo in probabilistic_fusion.cc,ApolloAuto/apollo,PROBABILISTIC_FUSION,PERCEPTION,SNT,TYPO_CORRECTING,FUSION,UN,LV,"EA, DFC",,"MODIFY_FUSION_ALGORITHM, FIX_API_MISUSE, MODIFY_SYNTAX_ERROR"
9488,map: fix compile warning.,ApolloAuto/apollo,CUDA,MAP,DEP,"CUDA, DEP",PNC_MAP,BUILD,LIB,"BCE, DU, SAR",,"FIX_CUDA_ISSUES, CHANGE/ADD/DELETE_LIB_IMPORTING"
9492,Prediction: fix bug in tensor in cruise mlp,ApolloAuto/apollo,CRUISE_MLP_EVALUATOR,PREDICTION,EXTER-API,CRUISE_MLP_EVALUATOR,EVALUATOR,OP,"AS, MC","PAE, DFC",,"FIX_API_MISUSE, MODIFY_PREDICTION_EVALUATOR, UPDATE_DATA_VALUES/CALCULATION"
9536,Fix cuda directory path to use cuda symlink,ApolloAuto/apollo,,SYSTEM,DEP,"CUDA, VERSIONING",,BUILD,"IF, MC","DU, BCE, MII",,
9586,Scripts: Fix potential CI failure on environment issue.,ApolloAuto/apollo,,SYSTEM,EXTER-API,"SCRIPT, CI_PIPELINE",,BUILD,MC,"MII, BCE",,
9604,Tools: fixed an index error in rtk_player,ApolloAuto/apollo,RTK_PLAYER,UTILITIES & TOOLS,ICL,RECORDER,RECORD_PLAY,IO,IF,"MII, DTI",,"CHANGE_CONDITION_LOGIC, MODIFY_RECORD_PROCESSING/PLAY_ERROR, OPTIMIZE_SCRIPT_TOOLS"
9608,Planning: added path_reuse_decider default config,ApolloAuto/apollo,,PLANNING,CONFIG,PARAMETER,,LPN,NV,"PPO, CEM",,
9612,Planning: fix speed limit violations in dp st,ApolloAuto/apollo,PATH_TIME_HEURISTIC,PLANNING,ALG,"OPTIMIZER, SPEED_LIMIT",OPTIMIZERS/PATH_TIME_HEURISTIC,SVC,"LOOP, AS, LV, MC","PPO, SME",,"ADJUST_VELOCITY/SPEED_CONTROL, OPTIMIZE_PLANNING_TASKS"
9630,"Monitor: Per localization team, take MSF CRITICAL_ERROR as WARNING.",ApolloAuto/apollo,GPS_MONITOR,HMI,INTER-API,GPS_MONITOR,MONITOR,"IO, SS",MC,"UIA, MII",,"ENABLE/DISABLE/CHANGE_STATUS/FLAGS/MODE, ADJUST_GPS_MONITOR"
9640,Perception: Add default configuration values,ApolloAuto/apollo,,PERCEPTION,CONFIG,PARAMETER,FUSION,UN,NV,"EA, CEM",,
9653,planning: fix a bug in traffic-light-unprotected-right-turn scenario …,ApolloAuto/apollo,UNPROTECTED_RT:STAGE_STOP,PLANNING,ALG,"STOP_CONTROL, INTERSECTION, UNPROTECTED_RIGHT_TURN",TRAFFIC_LIGHT/UNPROTECTED_RIGHT_TURN,TLP,"IF, MC, RT, LV","PPO, LA",,"ADJUST_TRAFFIC_SIGNAL_PROCESSING, MODIFY_AV_TURNING_LOGIC, ADJUST_STOP/PARK_CONTROL"
9658,HMI: Fix recorder keywords for monitoring in RTK mode.,ApolloAuto/apollo,,HMI,CONFIG,"PARAMETER, HMI_MODES",DREAMVIEW,DGUI,NV,"MII, DTI",,
9685,cyber: fix time to string format bug,ApolloAuto/apollo,TIMER_COMPONENT,INFRASTRUCTURE,EXTER-API,TIMER_COMPONENT,TIMER,IO,MC,"MII, DFC",,"FIX_API_MISUSE, RESCHEDULE_TIMER, ADJUST_ADS_FRAMEWORK"
9686,cyber: bug fix for condition notifier,ApolloAuto/apollo,CONDITION_NOTIFIER,INFRASTRUCTURE,ICL,CYBER_CHANNEL,TRANSPORT/SHM,LOGIC,"IF, LV","MII, DFC",,"CHANGE_CONDITION_LOGIC, ADJUST_ADS_FRAMEWORK"
9702,Planning: fix a bug with smart lane-change.,ApolloAuto/apollo,PATH_BOUNDS_DECIDER,PLANNING,EXTER-API,LANE_CHANGE,DECIDERS/PATH_BOUNDS_DECIDER,LPN,AS,"PPO, LA",,"CHANGE_DECISION_MAKING_ALGORITHM, OPTIMIZE_PLANNING_TASKS, ADJUST_LANE_PLANNER, ADJUST_CHANGE_LANE_RULE"
9714,fix some unnecessary security checks,ApolloAuto/apollo,,MAP,MCC,"MAP_CHECK, DEBUG_CHANGE",HDMAP,SS,"IF, MC","SS, EHR",,"ADD_CONDITION_LOGIC, ADD/MODIFY_ERROR/DEBUG_HANDLER/TOOLS, ADD_MAP/LANE_CHECKING"
9732,cyber: fix bug in destructor，may cause error in UT for low probability.,ApolloAuto/apollo,ASYNC_LOGGER,INFRASTRUCTURE,MEM,LOG_SYSTEM,LOGGER,CRASHES,"MC, LOOP",EHR,,ADD/MODIFY_ERROR/DEBUG_HANDLER/TOOLS
9745,Perception: Fix Eigen::solver crash. ,ApolloAuto/apollo,ALG:EIGEN_SOLVER,PERCEPTION,DATA,"TYPE_CONVERSION, PERCEPTION_COMPUTATION",CAMERA,"CRASHES, CAM","MC, AS","DFC, EHR, EA",,"ADJUST_CAMERA, CHANGE_DATA_TYPE"
9763,planning: fixed a bug when denominator could be zero,ApolloAuto/apollo,ALG:ST_BOUNDARY,PLANNING,MCC,ST_BOUNDARY,SPEED,CRASHES,AS,"PPO, EHR",,"ADJUST_LANE_BOUNDARY, ADD_CONDITION_LOGIC, ADJUST_VELOCITY/SPEED_CONTROL"
9820,cyber: fix build error on arm,ApolloAuto/apollo,MESSAGE_PROCESS,HMI,DEP,"DATA_PROCESSING, DEP",CYBER_MONITOR,BUILD,LIB,"BCE, DU, RDPI",,CHANGE/ADD/DELETE_LIB_IMPORTING
9852,planning: minor fix,ApolloAuto/apollo,ALG:SCENARIO_MANAGER,PLANNING,MCC,"DEBUG_CHANGE, PLANNING_SCENARIO_MANAGER",PLANNING_SCENARIOS,IO,SW,DTI,,"ADD/MODIFY_ERROR/DEBUG_HANDLER/TOOLS, ADD_CONDITION_LOGIC, MODIFY_SCENARIO/PLANNER_MANAGER"
9855,Planning: bug fix with path_assessment_decider.,ApolloAuto/apollo,PATH_ASSESSMENT_DECIDER,PLANNING,NUM,PATH_ASSESSMENT_DECIDER,DECIDERS/PATH_ASSESSMENT_DECIDER,TRAJ,IF,PPO,,"CHANGE_DECISION_MAKING_ALGORITHM, CHANGE_CONDITION_LOGIC"
9896,cyber: bugfix dereference if nullptr and enable HAVE_FCNTL,ApolloAuto/apollo,,INFRASTRUCTURE,MCC,LOG_SYSTEM,LOGGER,CRASHES,"IF, RT","DTI, EHR, MII",,"FIX_NULL_POINTER_ISSUE, ADD/MODIFY_ERROR/DEBUG_HANDLER/TOOLS, CHANGE_CONDITION_LOGIC"
9923,Planning: header file and code file parameter naming inconsistency fix,ApolloAuto/apollo,PATH_TIME_HEURISTIC,PLANNING,SNT,TYPO_CORRECTING,OPTIMIZERS/PATH_TIME_HEURISTIC,UN,MD,BCE,,"FIX_API_MISUSE, MODIFY_SYNTAX_ERROR, OPTIMIZE_PLANNING_TASKS"
9928,Localization: fix bug on lossless_map_creator tool,ApolloAuto/apollo,LOSSLESS_MAP_CREATOR,LOCALIZATION,INTER-API,LOCALIZATION_MAP,MSF_LOCALIZATION,LOC,MC,"SME, BCE",,"FIX_API_MISUSE, MODIFY_MAP_CREATOR/GENERATOR, MODIFY_MSF_LOCALIZATION"
9939,localmap: fix bug for running localmap tool in fuel_proxy folder,ApolloAuto/apollo,,SYSTEM,DEP,SCRIPT,,LOGIC,"LOOP, MC",BCE,,
9947,Update dreamview debug doc for pcl lib version,ApolloAuto/apollo,,DOCUMENTATION,DOC,DOCUMENTATION,,DOC,DOC,DUC,,
9950,Perception: Fix debug log mistakes.,ApolloAuto/apollo,HDMAP_INPUT,PERCEPTION,SNT,DEBUG_CHANGE,HDMAP,IO,MC,"DTI, DFC, EA",,ADD/MODIFY_ERROR/DEBUG_HANDLER/TOOLS
9961,tools: minor fix of routing util,ApolloAuto/apollo,,UTILITIES & TOOLS,SNT,DATA_PROCESSING,,CRASHES,"MC, SYN","DFC, RDPI",,CHANGE_DATA_PROCESSING
9966,Planning: Fix infinite loop that size_t >= 0 is always true.,ApolloAuto/apollo,PULL_OVER,PLANNING,ALG,PARKING_CONTROL,PARK/PULL_OVER,HANGS,"IF, LOOP","PPO, DFC",,"CHANGE_CONDITION_LOGIC, ADJUST_STOP/PARK_CONTROL"
9969,Docker: Fix bosfs installer.,ApolloAuto/apollo,,DOCKER,DEP,"SCRIPT, DEP, DOCKER",,BUILD,MC,"DU, BCE",,
10005,Perception: Fix typo in channel name.,ApolloAuto/apollo,,PERCEPTION,SNT,"TYPO_CORRECTING, INDENT_PROBLEM",,UN,NV,"BCE, EA",,
10008,fix a bug of hyperlink; add descriptions about how to change the frequency of camera topic,ApolloAuto/apollo,,DOCUMENTATION,DOC,DOCUMENTATION,,DOC,DOC,DUC,,
10023,Planning: Fix miss-matched brackets.,ApolloAuto/apollo,PATH_BOUNDS_DECIDER,PLANNING,SNT,TYPO_CORRECTING,DECIDERS/PATH_BOUNDS_DECIDER,LOGIC,LOOP,BCE,,"MODIFY_SYNTAX_ERROR, CHANGE_DECISION_MAKING_ALGORITHM"
10040,common: fixed a bug in digital filter,ApolloAuto/apollo,DIGITAL_FILTER,UTILITIES & TOOLS,MEM,"DIGITAL_FILTER, DATA_PROCESSING",,LOGIC,MC,"DFC, RDPI",,"FIX_MEMORY_ISSUE, CHANGE_DATA_PROCESSING"
10063,Planning: Fix potential mem leak caused by missing dtor.,ApolloAuto/apollo,ALG:SPLINE_1D_SOLVER,PLANNING,MEM,"PATH_PLANNING, MEMORY_LEAK",SMOOTHING_SPLINE,CRASHES,MD,"PPO, RMI",,"FIX_API_MISUSE, FIX_MEMORY_ISSUE"
10092,cyber:fixed log level,ApolloAuto/apollo,,INFRASTRUCTURE,EXTER-API,DEBUG_CHANGE,PY_WRAPPER,IO,MC,"DTI, UIA, MII",,ADD/MODIFY_ERROR/DEBUG_HANDLER/TOOLS
10103,Docker: updated docker image to resolve caffe lib issue,ApolloAuto/apollo,,DOCKER,DEP,"DEP, VERSIONING, PARAMETER",,BUILD,NV,"BCE, DU",,
10115,Prediction: fix a bug in computing speed in semantic lstm evaluator,ApolloAuto/apollo,SEMANTIC_LSTM_EVALUATOR,PREDICTION,NUM,SEMANTIC_LSTM_EVALUATOR,EVALUATOR,OP,"LV, IF, MC, AS",PAE,,"ADJUST_VELOCITY/SPEED_CONTROL, MODIFY_PREDICTION_EVALUATOR, MODIFY_SEMANTIC_LSTM_EVALUATOR"
10134,Dreamview: fix format string for unsigned int,ApolloAuto/apollo,TELEOP,HMI,EXTER-API,TYPE_CONVERSION,DREAMVIEW,IO,MC,DTI,,"CHANGE_DATA_PROCESSING, MODIFY_TELEOP"
10211,Tools: Fix PYTHONPATH pollution in fuel_proxy submitter.,ApolloAuto/apollo,SUBMIT_JOB,UTILITIES & TOOLS,DEP,"SCRIPT, VERSIONING",FUEL_PROXY,UN,"AS, LIB, IF",BCE,,"CHANGE/ADD/DELETE_LIB_IMPORTING, OPTIMIZE_SCRIPT_TOOLS, CHANGE_VERSION"
10223,Planning: fix an dp st dimension indexing issue,ApolloAuto/apollo,PATH_TIME_HEURISTIC,PLANNING,NUM,OPTIMIZER,OPTIMIZERS/PATH_TIME_HEURISTIC,LPN,AS,"PPO, DFC",,"OPTIMIZE_PLANNING_TASKS, UPDATE_DATA_VALUES/CALCULATION"
10230,Localization: Quick fix on std::for_each which doesn't support early return.,ApolloAuto/apollo,BASE_MAP,LOCALIZATION,EXTER-API,"LOCALIZATION_MAP, LOCALIZATION",MSF_LOCALIZATION,LOGIC,"LIB, RT, IF, LOOP","SAR, EHR",,"MODIFY_MSF_LOCALIZATION, CHANGE/ADD/DELETE_LIB_IMPORTING, MODIFY_MAP_LOCALIZATION"
10246,Prediction: fix device bug for pedestrain_interation_evaluator,ApolloAuto/apollo,PEDESTRIAN_INTERACTION_EVALUATOR,PREDICTION,INTER-API,"PEDESTRIAN_INTERACTION_EVALUATOR, PREDICTOR, PREDICTOR/PEDESTRIAN",EVALUATOR,TRAJ,MC,PAE,,"FIX_API_MISUSE, MODIFY_PEDESTRAIN_INTERATION_EVALUATOR"
10251,fix-link-contributing,ApolloAuto/apollo,,DOCUMENTATION,DOC,DOCUMENTATION,,DOC,DOC,DUC,,
10261,Localization: fix bug on lossless_map_creator tool,ApolloAuto/apollo,LOSSLESS_MAP_CREATOR,LOCALIZATION,INTER-API,MAP_TOOLS,MSF_LOCALIZATION,LOC,MC,"SAR, SME",,"MODIFY_MAP_CREATOR/GENERATOR, FIX_API_MISUSE"
10276,[cyber_monitor] Fix crash when unfold the a repeated field,ApolloAuto/apollo,MESSAGE_PROCESS,HMI,MCC,DATA_PROCESSING,CYBER_TOOLS,CRASHES,IF,"DTI, UIA, MII, RDPI",,"CHANGE_DATA_TYPE, CHANGE_DATA_PROCESSING, ADJUST_ADS_FRAMEWORK"
10283,Prediction: fix Init in predictor submodule,ApolloAuto/apollo,,PREDICTION,INTER-API,PREDICTOR,,LAU,"MC, IF",PAE,,"CHANGE_CONDITION_LOGIC, FIX_API_MISUSE, MODIFY_PREDICTION_PREDICTOR"
10293,Perception: fix the absence of instance in cnn segmentation,ApolloAuto/apollo,,PERCEPTION,DEP,"PARAMETER, DEP",LIDAR,BUILD,NV,"BCE, EA",,
10300,Prediction: fix bug for unexpected return on GroupObstaclesByObstacleIds,ApolloAuto/apollo,EVALUATOR_MANAGER,PREDICTION,ALG,EVALUATOR_MANAGER,EVALUATOR,OP,"RT, LOOP",PAE,,"ADD/DELETE/CHANGE_RETURN_VALUES, MODIFY_PREDICTION_EVALUATOR, MODIFY_OBJECT_PREDICTION/PLANNING"
10303,Planning: fix s soft bound in nlp speed,ApolloAuto/apollo,PIECEWISE_JERK_SPEED_NONLINEAR_OPTIMIZER,PLANNING,ASSI,"OPTIMIZER, TRAJECTORY_GENERATOR",OPTIMIZERS/PIECEWISE_JERK_SPEED,SVC,AS,PPO,,"MODIFY_PIECEWISE_JERK_OPTIMIZER, FIX_API_MISUSE"
10318,ThirdParty: fix issue #10284,ApolloAuto/apollo,,OTHER,DATA,"DNN_RELATED, TYPE_CONVERSION",TENSORFLOW,HANGS,"LV, AS",DU,,CHANGE_DATA_TYPE
10322,Planning: bug fix with st-bounds decision.,ApolloAuto/apollo,ST_BOUNDS_DECIDER,PLANNING,ALG,"DEBUG_CHANGE, DECIDER_RELATED, PATH_PLANNING",DECIDERS/ST_BOUNDS_DECIDER,TRAJ,"SQ, MC","PPO, DTI",,"CHANGE_DECISION_MAKING_ALGORITHM, ADJUST_LANE_BOUNDARY, ADD/MODIFY_ERROR/DEBUG_HANDLER/TOOLS, MOVE_STATEMENTS"
10339,Control: refactor the default control_conf MRAC parameters,ApolloAuto/apollo,,CONTROL,CONFIG,PARAMETER,,UN,NV,CSA,,
10379,scripts: refix the return status check of docker run,ApolloAuto/apollo,,DOCKER,EXTER-API,"SCRIPT, DOCKER, BUILD",,LAU,SQ,CEM,,
10434,Scripts: Fix function name.,ApolloAuto/apollo,,SYSTEM,EXTER-API,"SCRIPT, COMMANDS_CHANGE, LOG_SYSTEM",,IO,MC,CEM,,
10446,Prediction: fix submodule_output get ego vehicle,ApolloAuto/apollo,OBSTACLES_CONTAINER,PREDICTION,ALG,PREDICTOR,CONTAINER/OBSTACLES,IO,"MC, LV",PAE,,"CHANGE_DATA_PROCESSING, MODIFY_OBJECT_PREDICTION/PLANNING"
10450,Planning: added back scenario debug info in open_space planer,ApolloAuto/apollo,ON_LANE_PLANNING,PLANNING,INTER-API,DEBUG_CHANGE,,IO,MC,DTI,,"FIX_API_MISUSE, ADD/MODIFY_ERROR/DEBUG_HANDLER/TOOLS"
10461,Planning: minor fix in engage advice.,ApolloAuto/apollo,REFERENCE_LINE_INFO,PLANNING,ICL,REFERENCE_LINE,,IO,"MC, IF",PPO,,"CHANGE_CONDITION_LOGIC, FIX_API_MISUSE"
10482,Planning: merge debug data when export_chart is on,ApolloAuto/apollo,ON_LANE_PLANNING,PLANNING,INTER-API,DEBUG_CHANGE,,IO,SQ,DTI,,"ADD/MODIFY_ERROR/DEBUG_HANDLER/TOOLS, MOVE_STATEMENTS"
10493,Planning: bug fix on GetUnblockSRange(),ApolloAuto/apollo,ALG:ST_BOUNDARY,PLANNING,ALG,ST_BOUNDARY,,LOGIC,RT,PPO,,"ADD/DELETE/CHANGE_RETURN_VALUES, ADJUST_VELOCITY/SPEED_CONTROL, ADJUST_LANE_BOUNDARY"
10498,Prediction: fix bug for ego vehicle history_size check,ApolloAuto/apollo,SEQUENCE_PREDICTOR,PREDICTION,ICL,PREDICTOR,PREDICTOR/SEQUENCE,LOGIC,IF,PAE,,"CHANGE_CONDITION_LOGIC, MODIFY_PREDICTION_PREDICTOR"
10527,Planning: fix fallback speed optimization runs into max iteration,ApolloAuto/apollo,SPEED_PROFILE_GENERATOR,PLANNING,INTER-API,PLANNING_FALLBACK,,SVC,MC,"DFC, PPO",,"FIX_API_MISUSE, ADJUST_VELOCITY/SPEED_CONTROL, UPDATE_DATA_VALUES/CALCULATION"
10532,Common: reduce error frequency of latency reporting in simulation mode,ApolloAuto/apollo,LATENCY_RECORDER,SIMULATOR,ALG,LATENCY_RECORDER,LATENCY_RECORDER,IO,"IF, LIB, MC, LV, RT","RDPI, SPO",,"CHANGE/ADD/DELETE_LIB_IMPORTING, MODIFY_LATENCY_RECORDER"
10597,fix misleading component testcase names,ApolloAuto/apollo,,INFRASTRUCTURE,SNT,"TEST_RELATED, DEBUG_CHANGE",,UN,"LV, MC","DTI, MII",,"MODIFY_TEST_CASE/UTILS/MANAGER, FIX_API_MISUSE"
10601,fix unmatched path with picture,ApolloAuto/apollo,,DOCUMENTATION,DOC,DOCUMENTATION,,DOC,DOC,DUC,,
10641,cyber_launch: fixed a TypeError(byte-like object is required) introdu…,ApolloAuto/apollo,,INFRASTRUCTURE,DATA,"INFRASTRUCTURE, TYPE_CONVERSION, LOG_SYSTEM",,CRASHES,MC,MII,,
10704,python: revert setting python3 as default until python2 is retired,ApolloAuto/apollo,,DOCKER,DEP,"DEP, VERSIONING",,UN,LV,DU,,
10752,Cyber: fix cyber_node output format issue,ApolloAuto/apollo,,INFRASTRUCTURE,EXTER-API,DATA_PROCESSING,,IO,MC,"DU, MII, RDPI",,CHANGE_DATA_PROCESSING
10766,Planning: added debug info for open-space ipopt method,ApolloAuto/apollo,OPEN_SPACE_TRAJECTORY_OPTIMIZER,PLANNING,ALG,DEBUG_CHANGE,OPTIMIZERS/OPEN_SPACE_TRAJECTORY_GENERATION,IO,"LV, MC","DTI, PPO",,ADD/MODIFY_ERROR/DEBUG_HANDLER/TOOLS
10768,planning: fix missing pull_over position virsualization,ApolloAuto/apollo,STAGE_RETRY_PARKING,PLANNING,INTER-API,DEBUG_CHANGE,PARK/PULL_OVER,DGUI,MC,"DTI, PPO",,"FIX_API_MISUSE, ADD/MODIFY_ERROR/DEBUG_HANDLER/TOOLS, ADJUST_STOP/PARK_CONTROL"
10773,[Docs]Correct some errors (#10772),ApolloAuto/apollo,,DOCUMENTATION,DOC,DOCUMENTATION,,DOC,DOC,DUC,,
10789,Planning: fix debug information for trajectory optimizer,ApolloAuto/apollo,OPEN_SPACE_TRAJECTORY_OPTIMIZER,PLANNING,EXTER-API,DEBUG_CHANGE,OPTIMIZERS/OPEN_SPACE_TRAJECTORY_GENERATION,IO,MC,"DTI, PPO",,"ADD/DELETE/CHANGE_RETURN_VALUES, ADD/MODIFY_ERROR/DEBUG_HANDLER/TOOLS"
10827,Scripts: fix exit status check,ApolloAuto/apollo,,SYSTEM,EXTER-API,SCRIPT,,LAU,MC,MII,,
10877,cyber: fix timer bug,ApolloAuto/apollo,TIMING_WHEEL,INFRASTRUCTURE,ICL,TIMER_COMPONENT,TIMER,LOGIC,IF,MII,,"CHANGE_CONDITION_LOGIC, RESCHEDULE_TIMER, ADJUST_ADS_FRAMEWORK"
10896,planning: fixed a bug in local routing for learning data,ApolloAuto/apollo,FEATURE_GENERATOR,PLANNING,ICL,FEATURE_GENERATOR,PIPELINE,LOGIC,LOOP,PPO,,"MODIFY_FEATURE_GENERATOR, CHANGE_PLANNING_PIPELINE, CHANGE_CONDITION_LOGIC"
10925,planning: remove duplicate path point. fix for https://github.com/Apo…,ApolloAuto/apollo,ALG:PIECEWISE_JERK_PATH_OPTIMIZER,PLANNING,ALG,TRAJECTORY_GENERATOR,OPTIMIZERS/PIECEWISE_JERK_PATH,TRAJ,"MC, AS, IF",PPO,,MODIFY_PIECEWISE_JERK_OPTIMIZER
10935,cyber: fix timer bug,ApolloAuto/apollo,TIMING_WHEEL,INFRASTRUCTURE,NUM,TIMER_COMPONENT,TIMER,UN,"MC, AS",MII,,"RESCHEDULE_TIMER, ADJUST_ADS_FRAMEWORK"
10942,planning: fixed bugs in learning data,ApolloAuto/apollo,,PLANNING,ALG,FEATURE_GENERATOR,PIPELINE,UN,"AS, IF, LV, MC, MD, LOOP",PPO,,"MODIFY_FEATURE_GENERATOR, CHANGE_PLANNING_PIPELINE"
10948,Fixed processor_id range overflow,ApolloAuto/apollo,SCHEDULER_CHOREOGRAPHY,INFRASTRUCTURE,MEM,"SCHEDULER_CHOREOGRAPHY, TYPE_CONVERSION",SCHEDULER/POLICY,CRASHES,"IF, MC, LV, RT, AS","RMI, DFC, MII",,"CHANGE_DATA_TYPE, CHANGE/RESCHEDULE_PROCESS"
10971,map: hide two error logging that's very frequent on some maps,ApolloAuto/apollo,HDMAP,MAP,EXTER-API,LOG_SYSTEM,HDMAP,IO,MC,SAR,,ADD/MODIFY_ERROR/DEBUG_HANDLER/TOOLS
11073,fix canbus configuration update guide,ApolloAuto/apollo,,DOCUMENTATION,DOC,DOCUMENTATION,,DOC,DOC,DUC,,
11076,Planning: fixed typos in description,ApolloAuto/apollo,,PLANNING,DOC,DOCUMENTATION,,DOC,DOC,DUC,,MODIFY_SYNTAX_ERROR
11085,fix_interpolation,ApolloAuto/apollo,MPC_CONTROLLER,CONTROL,SNT,MPC_CONTROLLER,CONTROLLER,LOGIC,MC,CSA,,"FIX_API_MISUSE, ADJUST_MPC_CONTROLLER"
11093,common: comment fix for issue/10797.,ApolloAuto/apollo,,UTILITIES & TOOLS,DOC,DOCUMENTATION,,DOC,DOC,DUC,FIX_TYPO,
11101,planning: bug fix in learning data,ApolloAuto/apollo,TRAJECTORY_EVALUATOR,PLANNING,INTER-API,"TRAJECTORY_EVALUATOR, DATA_PROCESSING",PIPELINE,TRAJ,MC,RDPI,,"MODIFY_TRAJECTORY_EVALUATOR, CHANGE_DATA_PROCESSING, FIX_API_MISUSE"
11130,third party perception: fix the bug of smartereye conversion,ApolloAuto/apollo,CONVERSION_SMARTEREYE,PERCEPTION,INTER-API,PERCEPTION_COMPUTATION,,OP,"MC, AS","SDI, EA",,FIX_API_MISUSE
11156,planning: update trajectory evaluator with a bug fix,ApolloAuto/apollo,TRAJECTORY_EVALUATOR,PLANNING,EXTER-API,TRAJECTORY_EVALUATOR,PIPELINE,LOGIC,"MC, AS","DU, PPO",,"MODIFY_TRAJECTORY_EVALUATOR, FIX_API_MISUSE"
11172,planning: fixed a bug when record file is not time continous and adc_…,ApolloAuto/apollo,FEATURE_GENERATOR,PLANNING,ICL,"PATH_PLANNING, RECORDER",PIPELINE,TRAJ,"IF, SQ",PPO,,MODIFY_RECORD_PROCESSING/PLAY_ERROR
11197,Common: update default vehicle_param with up-to-date contents,ApolloAuto/apollo,,UTILITIES & TOOLS,CONFIG,PARAMETER,,UN,NV,CEM,,
11211,OpenSpace: fix the last point of each trajectory in trajectory partition,ApolloAuto/apollo,OPEN_SPACE_TRAJECTORY_PARTITION,PLANNING,INTER-API,TRAJECTORY_PARTITION,OPTIMIZERS/OPEN_SPACE_TRAJECTORY_PARTITION,TRAJ,MC,PPO,,MODIFY_TRAJECTORY_PARTITION
11229,Scripts: fix the record_bag bug for cyber record support which is cherry pick from master,ApolloAuto/apollo,,SYSTEM,EXTER-API,"PARAMETER, RECORDER, SCRIPT",,IO,MC,"CEM, MII",,
11241,localization: typo fix for issue/9167,ApolloAuto/apollo,,LOCALIZATION,SNT,"BUILD, PARAMETER",MSF_LOCALIZATION,UN,NV,"BCE, CEM, DFC, SAR",,
11309,storytelling: fix config file path error,ApolloAuto/apollo,,OTHER,DEP,"PARAMETER, DEP",,LAU,NV,"DU, CEM",,
11318,planning: fixed a bug in ScenarioManager (fix #11276),ApolloAuto/apollo,ALG:SCENARIO_MANAGER,PLANNING,SNT,PLANNING_SCENARIO_MANAGER,PLANNING_SCENARIOS,LOGIC,LV,"PPO, DFC",,"FIX_API_MISUSE, MODIFY_SCENARIO/PLANNER_MANAGER, ADJUST_TRAFFIC_SIGNAL_PROCESSING"
11322,Docker: bugfix on /etc/skel/* copy,ApolloAuto/apollo,,DOCKER,EXTER-API,"PARAMETER, DOCKER, BUILD, SCRIPT",,LAU,MC,"CEM, BCE",,
11323,Docker: bugfix for user permissions,ApolloAuto/apollo,,DOCKER,ALG,"DOCKER, SCRIPT",,LAU,"LV, MC",CEM,,
11338,planning: fix model file in conf,ApolloAuto/apollo,,PLANNING,DEP,PARAMETER,,LAU,NV,"CEM, PPO",,
11480,PLANNING TEST: unit test timeout so add todo to fix,ApolloAuto/apollo,MODEL_INFERENCE,PLANNING,ALG,TEST_RELATED,LEARNING_BASED/MODEL_INFERENCE,HANGS,MC,PPO,,MODIFY_TEST_CASE/UTILS/MANAGER
11512,routing: fixed a failure by adding acuracy tolarence on s,ApolloAuto/apollo,BLACK_LIST_RANGE_GENERATOR,PLANNING,NUM,"ROUTING_GENERATOR, COMPUTATION_TOLERANCE",,LPN,"LV, IF, MC, AS",PPO,,CHANGE_CONDITION_LOGIC
11513,planning: fixed a bug in IndexedQueue (fixed #10537),ApolloAuto/apollo,DS:INDEXED_QUEUE,PLANNING,MEM,PATH_PLANNING,,LOGIC,AS,"PPO, RMI",,ADD/DELETE/MODIFY_VARIABLE/PARAMETER_DECLARATION
11514,[#10818] potential synchronization issue in accessing driving_mode_,ApolloAuto/apollo,VEHICLE_CONTROLLER,CAN BUS,MEM,"VEHICLE_CONTROLLER, VELOCITY_CONTROL",CANBUS_VEHICLE,LOGIC,"IF, MC","RMI, CEM, MII",,"FIX_API_MISUSE, CHANGE_CONDITION_LOGIC, CHANGE_VEHICLE_CONTROL"
11578,Perception: fix a cast error in PointCloudPreprocessor,ApolloAuto/apollo,POINTCLOUD_PREPROCESSOR,PERCEPTION,DATA,TYPE_CONVERSION,POINTCLOUD_PREPROCESSOR,CRASHES,"AS, MC",EA,,"CHANGE_DATA_TYPE, REPAIR_LIDAR_INTEGRATION_ISSUES, FIX_API_MISUSE, MODIFY_POINTCLOUD_PROCESSING"
11615,Typo fix,ApolloAuto/apollo,,DOCUMENTATION,DOC,"DOCUMENTATION, TYPO_CORRECTING",,DOC,DOC,DUC,,
11657,Bazel: bugfix for aarch64 cpu/gpu mode,ApolloAuto/apollo,,SYSTEM,CONFIG,"PARAMETER, BUILD",,BUILD,LV,"CEM, BCE, MII",,
11663,dock_dev: fix canbus unit test failed,ApolloAuto/apollo,,DRIVERS,ALG,TEST_RELATED,CANBUS_VEHICLE,CRASHES,"MC, AS","CEM, FSH",,MODIFY_TEST_CASE/UTILS/MANAGER
11670,prediction: fix failed unit tests,ApolloAuto/apollo,ROAD_GRAPH,PREDICTION,SNT,"ROAD_GRAPH, TEST_RELATED",,TRAJ,"IF, MC","DFC, PAE",,"FIX_API_MISUSE, MODIFY_LANE_SEGMENT, MODIFY_ROAD_GRAPH_ELEMENTS"
11682,Docker: update dev.x86 image to fix libcudart double link problem,ApolloAuto/apollo,,DOCKER,DEP,"BUILD, DOCKER, DEP, PARAMETER, VERSIONING",,LAU,AS,"CEM, BCE",,
11752,Bugfix: modules/canbus/proto/BUILD updated via proto_build_generator,ApolloAuto/apollo,,CAN BUS,CONFIG,"BUILD, PARAMETER",,BUILD,NV,"BCE, CEM, MII",,
11755,Docs: typofix,ApolloAuto/apollo,,DRIVERS,DOC,DOCUMENTATION,,DOC,DOC,DUC,,
11770,Build: bugfix #issues/11767,ApolloAuto/apollo,,LOCALIZATION,CONFIG,"PARAMETER, BUILD",RTK,BUILD,"NV, MC","CEM, BCE, SAR",,
11823,Cyber: fix #11748,ApolloAuto/apollo,TIMING_WHEEL,INFRASTRUCTURE,DATA,TYPE_CONVERSION,TIMER,CRASHES,"MC, MD","DFC, MII",,"CHANGE_DATA_TYPE, ADJUST_ADS_FRAMEWORK"
11834,Docs: DKIT: fix a typo in waypoint following spec,ApolloAuto/apollo,,DOCUMENTATION,DOC,"DOCUMENTATION, TYPO_CORRECTING",,DOC,DOC,DUC,,
11835,Cyber: bugfix #11748,ApolloAuto/apollo,TIMING_WHEEL,INFRASTRUCTURE,ALG,TIMER_COMPONENT,TIMER,CRASHES,"AS, MC, LV",MII,,"RESCHEDULE_TIMER, ADJUST_ADS_FRAMEWORK"
11852,"Docker: Fix ""user exists"" test",ApolloAuto/apollo,,DOCKER,ICL,SCRIPT,,LAU,IF,DU,,
11862,Docker: fix `gcc internal error` when build aarch64 on tx2,ApolloAuto/apollo,,DOCKER,ALG,"SCRIPT, BUILD",,BUILD,"IF, AS","DU, BCE",,
11914,planning: fixed obstacle history trajectory evaluate issue where ther…,ApolloAuto/apollo,TRAJECTORY_EVALUATOR,PLANNING,ALG,TRAJECTORY_EVALUATOR,,TRAJ,"AS, IF",PPO,,MODIFY_TRAJECTORY_EVALUATOR
11917,Localization: fix typo and time update,ApolloAuto/apollo,LOCALIZATION_INTEG_PROCESS,LOCALIZATION,NUM,"LOCALIZATION_COMPUTATION, LOCALIZATION",MSF_LOCALIZATION,LOGIC,AS,SAR,,"FIX_API_MISUSE, RESCHEDULE_TIMER, MODIFY_MSF_LOCALIZATION"
11940,planning: fix moving from const variable,ApolloAuto/apollo,BIRDVIEW_IMG_FEATURE_RENDERER,PLANNING,DATA,TYPE_CONVERSION,LEARNING_BASED/IMG_FEATURE_RENDERER,UN,LV,"DFC, PPO",,CHANGE_DATA_TYPE
11999,"Scritps: fix ""mkdir: cannot create directory ‘/apollo’: Permission de…",ApolloAuto/apollo,,DOCKER,EXTER-API,SCRIPT,,LAU,SQ,DU,,
12020,Profiling: bugfix for function_signature,ApolloAuto/apollo,FUNCTION_SIGNATURE,UTILITIES & TOOLS,MCC,SIGNATURE,,UN,"IF, RT",DFC,,ADD_CONDITION_LOGIC
12022,planning: fix local_routing in learning_data,ApolloAuto/apollo,MESSAGE_PROCESS,PLANNING,ICL,"DATA_PROCESSING, LOG_SYSTEM",,UN,"IF, MC","PPO, RDPI",,"CHANGE_CONDITION_LOGIC, RECONFIGURE_DRIVER, CHANGE_DATA_PROCESSING"
12047,Canbus: fix filter size in socket CAN,ApolloAuto/apollo,SOCKET,CAN BUS,DATA,"VALUE_BOUND, ADS_COMMUNICATION",CANBUS_VEHICLE,LAU,"LOOP, LV","MII, CPR",,
12084,Control: fix the bug due to the wrong time unit which is cherry-pick from master,ApolloAuto/apollo,,CONTROL,INTER-API,"CONTROL_COMPUTATION, UNIT_CONVERSION",,"LOGIC, IO",MC,CSA,,"FIX_API_MISUSE, ADJUST_VEHICLE/CONTROL_COMMAND"
12110,Pept: fix hdmap init error when cyber_launch start pept_lidar.launch,ApolloAuto/apollo,,UTILITIES & TOOLS,CONFIG,PARAMETER,,LAU,NV,CEM,,
12118,Perception: fix the issue perception can't work,ApolloAuto/apollo,,PERCEPTION,DEP,"DEP, PARAMETER",PRODUCTION,LAU,NV,"CEM, EA",,
12120,run_ci: fix -t bug and other container  bug,ApolloAuto/apollo,,SYSTEM,ALG,"SCRIPT, CI_PIPELINE",,BUILD,MD,"BCE, MII",,
12137,Scripts: bugfix for plot_trace.sh # issue/12136,ApolloAuto/apollo,,SYSTEM,ASSI,SCRIPT,,CRASHES,"MC, LV","DFC, MII",,
12154,planning: minor cleanup on error logging,ApolloAuto/apollo,,PLANNING,EXTER-API,"DATA_PROCESSING, LOG_SYSTEM",,IO,MC,"EHR, RDPI",,"ADD/MODIFY_ERROR/DEBUG_HANDLER/TOOLS, CHANGE_DATA_PROCESSING"
12158,HMI: default remove ThirdPartyPerception button for mis-click,ApolloAuto/apollo,,HMI,CONFIG,PARAMETER,DREAMVIEW,DGUI,NV,"CEM, UIA",,
12181,modules/tools: bugfix,ApolloAuto/apollo,,UTILITIES & TOOLS,SNT,"LIBRARY, TYPO_CORRECTING",,CRASHES,LIB,DFC,,"CHANGE/ADD/DELETE_LIB_IMPORTING, MODIFY_SYNTAX_ERROR"
12199,audio: fix bug in audio tensor copy to gpu,ApolloAuto/apollo,SIREN_DETECTION,OTHER,DATA,DNN_RELATED,INFERENCE,IO,MC,"DFC, FSH",,"FIX_API_MISUSE, MODIFY_SIREN_DETECTION"
12207,Docker: typofix,ApolloAuto/apollo,,DOCKER,SNT,"TYPO_CORRECTING, SCRIPT, DEP",,BUILD,MC,"BCE, CEM, DFC",,
12254,Docs: updated docker.build README.md as per issues#12252,ApolloAuto/apollo,,DOCKER,DOC,DOCUMENTATION,,DOC,DOC,DUC,,
12271,Localization: fix the crash that gps message is ealier than imu message,ApolloAuto/apollo,MSF_LOCALIZATION,LOCALIZATION,MCC,LOCALIZATION,MSF_LOCALIZATION,CRASHES,"IF, RT",SAR,,"ADD_CONDITION_LOGIC, MODIFY_MSF_LOCALIZATION, ADJUST_MESSAGE/ADS_COMMUNICATION"
12272,Audio: quick fix for audio proto build,ApolloAuto/apollo,,OTHER,CONFIG,"DATA_PROCESSING, BUILD",,BUILD,NV,"CEM, BCE, FSH",,
12280,Cyber: fix cyber_channel error,ApolloAuto/apollo,CYBER_CHANNEL,INFRASTRUCTURE,DATA,"CYBER_CHANNEL, INFRASTRUCTURE",,IO,"MC, AS","CEM, MII",,"OPTIMIZE_SCRIPT_TOOLS, ADJUST_ADS_FRAMEWORK, ADJUST_MESSAGE/ADS_COMMUNICATION"
12320,audio: fix if else indention,ApolloAuto/apollo,AUDIO_OFFLINE_PROCESSING,OTHER,SNT,INDENT_PROBLEM,AUDIO_TOOLS,UN,SYN,"DFC, FSH",,MODIFY_SYNTAX_ERROR
12334,Scripts: apollo.sh check no longer use cpu mode by default,ApolloAuto/apollo,,SYSTEM,EXTER-API,SCRIPT,,LAU,MC,"DU, FSH",,
12354,Drivers: fix bug about lidar messages,ApolloAuto/apollo,ALG:PERCEPTION_FUSION,DRIVERS,MEM,"DRIVER_ERROR, LIDAR_DRIVER",VELODYNE,IO,AS,"RMI, FSH",,"REPAIR_LIDAR_INTEGRATION_ISSUES, RECONFIGURE_DRIVER, MODIFY_FUSION_ALGORITHM, UPDATE_DATA_VALUES/CALCULATION, ADJUST_MESSAGE/ADS_COMMUNICATION"
12388,Update apollo.sh fix bug,ApolloAuto/apollo,,SYSTEM,SNT,"SCRIPT, PARAMETER",,BUILD,MC,"CEM, BCE, FSH",,
12405,Bazel: bugfix for local_cuda_config,ApolloAuto/apollo,,BUILD,DEP,BUILD,,BUILD,AS,BCE,,
12451,cyber_logger: fix a off-by-one problem,ApolloAuto/apollo,GLOBAL_DATA,INFRASTRUCTURE,NUM,INFRASTRUCTURE,,CRASHES,AS,"DFC, MII",,"ADJUST_ADS_FRAMEWORK, ADJUST_VARIABLE_VALUE_BOUNDS, UPDATE_DATA_VALUES/CALCULATION"
12518,Scripts: apollo_lint.sh bugfix,ApolloAuto/apollo,,SYSTEM,ICL,SCRIPT,,OT,IF,MII,,
12521,Test: bugfix for cpu mode.,ApolloAuto/apollo,,SYSTEM,CONFIG,SCRIPT,,LAU,AS,MII,,
12584,WORKSPACE: fix a link error,ApolloAuto/apollo,,SYSTEM,SNT,"PARAMETER, BUILD, TYPO_CORRECTING",,BUILD,NV,"BCE, MII, CEM",,
12590,Dkit: change default planning params to make nudge more obvious (#12499),ApolloAuto/apollo,,PLANNING,CONFIG,PARAMETER,D_KIT,"OP, TRAJ",NV,"CEM, FSH",,
12595,Control: fix some bugs in C matrix setting of MPC controller,ApolloAuto/apollo,MPC_CONTROLLER,CONTROL,SNT,CONTROL_COMPUTATION,CONTROLLER,LOGIC,"MC, LV, AS",CSA,,"FIX_API_MISUSE, ADJUST_MPC_CONTROLLER"
12636,RELEASE: fixed typos,ApolloAuto/apollo,,DOCUMENTATION,DOC,DOCUMENTATION,,DOC,DOC,DUC,,
12656,Perception: change a default setting,ApolloAuto/apollo,,PERCEPTION,CONFIG,PARAMETER,PRODUCTION,OP,NV,"CEM, EA, SDI",,
12734,d-kit docs: fix aplly fuel accout invalid link,ApolloAuto/apollo,,DOCUMENTATION,DOC,DOCUMENTATION,,DOC,DOC,DUC,,
12781,Docs: typofix,ApolloAuto/apollo,,DOCUMENTATION,DOC,DOCUMENTATION,,DOC,DOC,DUC,,
12839,Scripts: Fix CI parameter.,ApolloAuto/apollo,,SYSTEM,EXTER-API,"SCRIPT, PARAMETER, CI_PIPELINE",,LAU,MC,"CEM, DU",,
12853,Perception: fix perception crash,ApolloAuto/apollo,ALG:EIGEN_SLERP,PERCEPTION,ALG,"SLERP, PERCEPTION_COMPUTATION",ONBOARD/TRANSFORM_WRAPPER,CRASHES,"MD, LIB, LV","SDI, EA",,"MODIFY_EIGEN_SLERP_ALG, CHANGE/ADD/DELETE_LIB_IMPORTING"
12868,Canbus: added error handler (fix #12837),ApolloAuto/apollo,FUNC:VEHICLE_CONTROLLER,CAN BUS,MCC,"VEHICLE_CONTROLLER, ERROR_HANDLING",CANBUS_VEHICLE,IO,"IF, RT, MC","EHR, SME",,"ADD_CONDITION_LOGIC, ENHANCE_SAFETY_FEATURES, ADD/MODIFY_ERROR/DEBUG_HANDLER/TOOLS"
12903,Perception: completely fix Eigen slerp function,ApolloAuto/apollo,ALG:EIGEN_SLERP,PERCEPTION,NUM,"SLERP, PERCEPTION_COMPUTATION",ONBOARD/TRANSFORM_WRAPPER,BUILD,RT,"SDI, BCE, EA",,"MODIFY_EIGEN_SLERP_ALG, ADD/DELETE/CHANGE_RETURN_VALUES"
12936,Docs: fixed incorrect comment,ApolloAuto/apollo,,DOCUMENTATION,DOC,DOCUMENTATION,,DOC,DOC,DUC,,
12953,dev_start.sh: bugfix for USE_LOCAL_IMAGE,ApolloAuto/apollo,,DOCKER,ICL,SCRIPT,,LAU,IF,LA,,
12962,cyber: typofix,ApolloAuto/apollo,,INFRASTRUCTURE,SNT,"TYPO_CORRECTING, RENAMING",CLASS_LOADER,OT,LV,"DFC, MII",,"MODIFY_SYNTAX_ERROR, FIX_API_MISUSE"
13088,D-KIT: correct default lidar_extrinsics_file in localization_conf,ApolloAuto/apollo,,LOCALIZATION,CONFIG,PARAMETER,D_KIT,LOC,NV,CEM,,
13138,cyber_channel: fix typo,ApolloAuto/apollo,CHANNEL_MANAGER,INFRASTRUCTURE,SNT,TYPO_CORRECTING,SERVICE_DISCOVERY/SPECIFIC_MANAGER,IO,MC,"DFC, MII",,MODIFY_SYNTAX_ERROR
13147,Dreamview:correct judge mistake,ApolloAuto/apollo,FRONTEND,HMI,ICL,FRONTEND,DREAMVIEW,DGUI,IF,UIA,,"CHANGE/ADD_GUI_PROPERTY/ELEMENTS, CHANGE_CONDITION_LOGIC"
13193,Scripts: bugfix for rtk_recorder.sh,ApolloAuto/apollo,RTK_RECORDER,UTILITIES & TOOLS,DEP,"RECORDER, LIBRARY",RECORD_PLAY,CRASHES,LIB,LA,,"MODIFY_RECORD_PROCESSING/PLAY_ERROR, CHANGE/ADD/DELETE_LIB_IMPORTING"
13239,localization: bugfix for issue #13238,ApolloAuto/apollo,NDT_MAP_CREATOR,LOCALIZATION,ICL,"NDT, LOCALIZATION_MAP",NDT,LOC,"IF, RT",SAR,,"MODIFY_NDT_MAPPING/NDT_SCAN_MATCHER, CHANGE_CONDITION_LOGIC"
13242,Bazel: fix path for generated proto files,ApolloAuto/apollo,,UTILITIES & TOOLS,DEP,"BUILD, PARAMETER",,BUILD,"IF, AS, MC","CEM, BCE",,
13250,cyber: fix deprecation warning on logger.warn,ApolloAuto/apollo,CYBER_LAUNCH,INFRASTRUCTURE,EXTER-API,"INFRASTRUCTURE, DEPRECATION_UPDATE",CYBER_PYTHON_API,IO,MC,"DU, MII",,"FIX_API_MISUSE, OPTIMIZE_SCRIPT_TOOLS"
13256,cyber_py3: bugfix for cyber_py3 service & client examples,ApolloAuto/apollo,SERVICE_CALLBACK,INFRASTRUCTURE,DATA,INFRASTRUCTURE,CYBER_PYTHON_API,CRASHES,"MC, AS","CPR, MII",,"FIX_API_MISUSE, ADJUST_ADS_FRAMEWORK"
13263,fix a bug in postprocess_cuda.cu that affects nms of pointpillars,ApolloAuto/apollo,POSTPROCESS_CUDA,PERCEPTION,SNT,"LIDAR, CUDA, TYPO_CORRECTING",DETECTION,LOGIC,MC,"SDI, EA",,"REPAIR_LIDAR_INTEGRATION_ISSUES, FIX_CUDA_ISSUES, FIX_API_MISUSE"
13314,Security Fix for Arbitrary Code Execution - huntr.dev,ApolloAuto/apollo,GEN_PROTO_FILE,UTILITIES & TOOLS,EXTER-API,"DATA_PROCESSING, SECURITY_UPDATE",GEN_VEHICLE_PROTOCOL,SS,"MC, AS","DU, SS, RDPI",,"CHANGE_DATA_PROCESSING, FIX_API_MISUSE, ENHANCE_SAFETY_FEATURES"
13328,tools: fix bug for cannot input command multi times,ApolloAuto/apollo,DATA_COLLECTOR,UTILITIES & TOOLS,ICL,VEHICLE_CALBIRATION,VEHICLE_CALIBRATION,CRASHES,AS,LA,,"OPTIMIZE_SCRIPT_TOOLS, CHANGE_HMI_LOGIC/CONTROL"
13386,Docker: Hide message 'Error: No such container:',ApolloAuto/apollo,,DOCKER,EXTER-API,DOCKER,,IO,MC,DU,,
13405,Dreamview: updated mkz_standard_debug_hesai mode config,ApolloAuto/apollo,,HMI,DEP,"HMI_MODES, PARAMETER",DREAMVIEW,LAU,NV,"CEM, DU, UIA",,
13410,Docker: updated dev.x86_64.stable to fix dreamview frontend build errors,ApolloAuto/apollo,,DOCKER,DEP,"DOCKER, VERSIONING",,BUILD,AS,"BCE, DU",,
13435,Docker: Fix errors when installing GPU-enabled OpenCV package,ApolloAuto/apollo,,DOCKER,DEP,DOCKER,,BUILD,"IF, SQ","BCE, DU",,
13436,Docker: Fix typo into build_docker.sh,ApolloAuto/apollo,,DOCKER,SNT,DOCKER,,BUILD,MC,"BCE, DU",,
13481,HMI: fix recorder bug,ApolloAuto/apollo,HMI_WORKER,HMI,MCC,HMI_WORKER,DREAMVIEW,CRASHES,IF,UIA,,MODIFY_RECORD_PROCESSING/PLAY_ERROR
13504,Dkit: Fix a bug about vehicle data configurations,ApolloAuto/apollo,,HMI,CONFIG,PARAMETER,DREAMVIEW,LAU,SYN,"CEM, UIA",,
13532,Tools: spell mistake,ApolloAuto/apollo,CONTROL_INFO,UTILITIES & TOOLS,SNT,TYPO_CORRECTING,CONTROL_INFO,CRASHES,MC,BCE,,"MODIFY_SYNTAX_ERROR, FIX_API_MISUSE"
13627,Perception: fix Thrust bug by using CPU,ApolloAuto/apollo,POSTPROCESS_CUDA,PERCEPTION,ALG,CUDA,LIDAR,UN,"LIB, MC","EA, SDI",,"REPAIR_LIDAR_INTEGRATION_ISSUES, FIX_CUDA_ISSUES"
13725,perception: fix linking issue,ApolloAuto/apollo,,PERCEPTION,CONFIG,BUILD,INFERENCE/TENSORRT,BUILD,AS,"BCE, EA, SDI",,
13730,Docker: update opencv installer to fix msf_visualizer startup issue,ApolloAuto/apollo,INSTALL_OPENCV,DOCKER,CONFIG,"COMMANDS_CHANGE, DOCKER, PARAMETER",,BUILD,MC,"DU, CEM, BCE",,
13761,Canbus: bug fix,ApolloAuto/apollo,VEHICLE_CONTROLLER,CAN BUS,ALG,VEHICLE_CONTROLLER,CANBUS_VEHICLE,IO,RT,MII,,"ADD/DELETE/CHANGE_RETURN_VALUES, ADJUST_VEHICLE/CONTROL_COMMAND"
13821,Tools: fix the indent mistake in rtk recorder,ApolloAuto/apollo,RTK_RECORDER,UTILITIES & TOOLS,SNT,INDENT_PROBLEM,RECORD_PLAY,CRASHES,SYN,BCE,,"MODIFY_RECORD_PROCESSING/PLAY_ERROR, ADJUST_INDENT_IN_PYTHON, MODIFY_SYNTAX_ERROR"
13908,Drivers:fix  a potential null pointer problem,ApolloAuto/apollo,LIDAR_DRIVER,DRIVERS,ICL,LIDAR_DRIVER,LIDAR,CRASHES,IF,"SDI, FSH",,"RECONFIGURE_DRIVER, REPAIR_LIDAR_INTEGRATION_ISSUES, FIX_NULL_POINTER_ISSUE"
13925,Velodyne: fix a bug: base_time couldn't update on the hour (#13920),ApolloAuto/apollo,VELODYNE_DRIVER,DRIVERS,DATA,LIDAR_DRIVER,VELODYNE,LOGIC,"IF, AS, LV","SDI, FSH",,"RECONFIGURE_DRIVER, REPAIR_LIDAR_INTEGRATION_ISSUES, RESCHEDULE_TIMER"
13973,Dreamview: add task manager module for mkz standard debug hesai,ApolloAuto/apollo,,HMI,CONFIG,PARAMETER,DREAMVIEW,DGUI,NV,"UIA, CEM",,
13979,"[cyber] fix: add ""exclusive"" tag to condition_notifier_test",ApolloAuto/apollo,,INFRASTRUCTURE,CONFIG,"PARAMETER, BUILD",TRANSPORT,BUILD,NV,"BCE, CEM, MII",,
13994,Control:Fix bug,ApolloAuto/apollo,FUNC:PRODUCE CONTROL COMMAND,CONTROL,SNT,TYPO_CORRECTING,CONTROLLER,BUILD,SYN,BCE,,"CHANGE_CONTROL_LOGIC, MODIFY_SYNTAX_ERROR, ADJUST_VEHICLE/CONTROL_COMMAND"
14077,D-KIT: fix a broken link in Virtual_Lane_Generation_cn.md,ApolloAuto/apollo,,DOCUMENTATION,DOC,DOCUMENTATION,D_KIT,DOC,DOC,DUC,,
14177,Planning: fix bug in lane borrow,ApolloAuto/apollo,,PLANNING,CONFIG,PARAMETER,,LPN,NV,"CEM, PPO",,
14192,Planning: fix bug in reeds shepp,ApolloAuto/apollo,ALG:REEDS_SHEPP,PLANNING,INTER-API,"PATH_PLANNING, TRAJECTORY_GENERATOR",OPEN_SPACE/COARSE_TRAJECTORY_GENERATOR,TRAJ,MC,PPO,,"FIX_API_MISUSE, IMPROVE_TRAJECTORY/PATH_GENERATION, MODIFY_REEDS_SHEPP_ALG"
14196,Dreamview: fix map service bug,ApolloAuto/apollo,MAP_SERVICE,HMI,ASSI,"GUI_MAP, SIM_CONTROL",DREAMVIEW,DGUI,AS,UIA,,"MODIFY_ROUTING_INITIALIZATION, FIX_DATA_INITIALIZATION_ERROR, CHANGE/ADD_GUI_PROPERTY/ELEMENTS, MODIFY_SIMULATION_VISUALIZATION, UPDATE_DATA_VALUES/CALCULATION"
14197,bridge: fix class load error,ApolloAuto/apollo,UDP_BRIDGE_MULTI_RECEIVER,CAN BUS,ASSI,ADS_COMMUNICATION,UDP_BRIDGE,CRASHES,"AS, MC","MII, CPR",,"FIX_DATA_INITIALIZATION_ERROR, MODIFY_BRIDGE, ADJUST_MESSAGE/ADS_COMMUNICATION"
14205,Planning:fix traffic light scenarion selection bug,ApolloAuto/apollo,ALG:SCENARIO_MANAGER,PLANNING,ALG,PLANNING_SCENARIO_MANAGER,PLANNING_SCENARIOS,TLP,"IF, LOOP, LV",PPO,,"ADJUST_SCENARIO_SELECTION, ADJUST_TRAFFIC_SIGNAL_PROCESSING"
14295,fix typo,ApolloAuto/apollo,,INFRASTRUCTURE,DOC,DOCUMENTATION,,DOC,DOC,DUC,,
14317,Fix typo in README of Storytelling module,ApolloAuto/apollo,,OTHER,DOC,"DOCUMENTATION, TYPO_CORRECTING",,DOC,DOC,DUC,,
14340,fix(control):enable CheckTimestamp,ApolloAuto/apollo,FUNC:PRODUCE CONTROL COMMAND,CONTROL,ASSI,ENABLE_STATUS,,STOP,AS,"CSA, LA",,"ENABLE/DISABLE/CHANGE_STATUS/FLAGS/MODE, FIX_API_MISUSE"
14370,fix init point for sim control,ApolloAuto/apollo,MAP_SERVICE,HMI,NUM,"SIM_CONTROL, PARAMETER",DREAMVIEW,DGUI,"IF, AS, MC","UIA, CEM",,"MODIFY_COORDINATES_RELATED_ISSUES, MODIFY_SIMULATION_VISUALIZATION, UPDATE_DATA_VALUES/CALCULATION"
14387,ZLIB: version bug fix,ApolloAuto/apollo,,BUILD,DEP,"VERSIONING, DEP",,BUILD,NV,"DU, BCE",,
14395,Planning: fix bug in reeds shepp,ApolloAuto/apollo,ALG:REEDS_SHEPP,PLANNING,NUM,TRAJECTORY_GENERATOR,OPEN_SPACE/COARSE_TRAJECTORY_GENERATOR,TRAJ,AS,PPO,,"IMPROVE_TRAJECTORY/PATH_GENERATION, MODIFY_REEDS_SHEPP_ALG, CHANGE_DATA_TYPE"
14417,fix open space param,ApolloAuto/apollo,,PLANNING,CONFIG,PARAMETER,,UN,NV,CEM,,
14455,fix spell error,ApolloAuto/apollo,,DOCUMENTATION,DOC,"DOCUMENTATION, TYPO_CORRECTING",,DOC,DOC,DUC,,
14495,Fix a typo in IntraReader,ApolloAuto/apollo,INTRAREADER,INFRASTRUCTURE,INTER-API,DATA_PROCESSING,BLOCKER,IO,MC,"LA, MII, RDPI",,"CHANGE_DATA_PROCESSING, FIX_API_MISUSE"
14542,Cyber: fixed a bug for TimerComponent.,ApolloAuto/apollo,TIMER_COMPONENT,INFRASTRUCTURE,INTER-API,"TIMER_COMPONENT, PROCESS_SCHEDULING",TIMER,OT,MC,"CC, MII",,"RESCHEDULE_TIMER, ADJUST_PROCESS/THREAD_SCHEDULING, FIX_API_MISUSE"
14574,fix:some wrong about PadMessage in teleop.cc file #13508,ApolloAuto/apollo,TELEOP,HMI,SNT,RENAMING,DREAMVIEW,UN,MD,"UIA, DFC",,"FIX_API_MISUSE, ADJUST_MESSAGE/ADS_COMMUNICATION"
14622,perception: fix redundant symbols,ApolloAuto/apollo,,PERCEPTION,SNT,TYPO_CORRECTING,LIDAR,BUILD,SYN,"BCE, SDI, EA",,MODIFY_SYNTAX_ERROR
14634,Fix perception.velocity direction bug and perception frequency bug,ApolloAuto/apollo,REPLAY_PERCEPTION,UTILITIES & TOOLS,ALG,PERCEPTION_PLAYING,,OP,AS,"SDI, LA",,"ADJUST_PERCEPTION_FREQUENCY, OPTIMIZE_SCRIPT_TOOLS"
14641,tools: fix camera msg parse error,ApolloAuto/apollo,ALG:RECORD_PARSE_SAVE/PARSE_CAMERA,UTILITIES & TOOLS,DATA,DATA_PROCESSING,RECORD_PARSE_SAVE,IO,MC,"DFC, RDPI",,"CHANGE_DATA_PROCESSING, OPTIMIZE_SCRIPT_TOOLS, ADJUST_CAMERA, MODIFY_RECORD_PROCESSING/PLAY_ERROR, CHANGE_DATA_TYPE"
14642,dreamview: fix dreamview path error in launch file,ApolloAuto/apollo,,HMI,CONFIG,PARAMETER,DREAMVIEW,LAU,NV,"CEM, UIA",,
14678,fix: can not find novatel velodyne128 Error,ApolloAuto/apollo,,HMI,CONFIG,"DEP, PARAMETER",DREAMVIEW,CRASHES,NV,"CEM, DU",,
14733,Fix header file loading error,ApolloAuto/apollo,,HMI,DEP,TYPO_CORRECTING,DREAMVIEW,BUILD,SYN,BCE,,"CHANGE/ADD/DELETE_LIB_IMPORTING, MODIFY_SYNTAX_ERROR"
14768,fix(docs): fix typo in apollo_software_installation_guide_package_method.md,ApolloAuto/apollo,,DOCUMENTATION,DOC,"DOCUMENTATION, TYPO_CORRECTING",,DOC,DOC,DUC,,
14854,fix(tools): fix typo in sensor_calibration,ApolloAuto/apollo,ALG:SENSOR_CALIBRATION/EXTRACT_DATA,SENSING,SNT,"TYPO_CORRECTING, RENAMING",SENSOR_CALIBRATION,OT,MC,DFC,,MODIFY_SYNTAX_ERROR
15113,"fix(docker): limit amodel version, and check if pip3 exist",ApolloAuto/apollo,,DOCKER,DEP,"VERSIONING, SCRIPT, DEP",,BUILD,IF,"BCE, DU",ADD/REMOVE_CONSTRAINTS,
